EXP,YR,PED,HYB,SRC,GROUP,Plot,REP,Range,Row,PDT,HDT,DTA,DTS,PHT,EHT,STC,RLD,SLD,MAH,TWT,GWT,YLD,MST,PROT,OIL,FIB,STA,ASH,DENS
2021ORG_Trial,2021,59R5,CHECK,Great Harvest Organic,CHECK,101,1,2,5,6/1/2021,10/21/2021,52,53,262,103,55,0,0,15.8,57.2,21.02,187,6.3,6.81,3.5,1.86,70.98,0.93,1.25
2021ORG_Trial,2021,DKXL212:S0950-B-083-B-B)-04-06 * MBS5787,ISU010,20SMPS:Agron:2403/2401,AMES,102,1,2,7,6/1/2021,10/21/2021,55,56,295,161,49,0,0,15.5,57.5,20.38,182,5.9,7.41,4.39,1.81,69.54,1.05,1.25
2021ORG_Trial,2021,PHG39*PHG47,ILORG0014,2019MOB_ORG,ORGOREI,103,1,2,9,6/1/2021,10/21/2021,56,57,263,107,50,0,0,15.5,57.5,14.4,128.6,6.88,7.62,3.67,1.59,69.82,0.9,1.28
2021ORG_Trial,2021,B73*PHZ51,B73*PHZ51,WIPV19/50404B,HIP,104,1,2,11,6/1/2021,10/21/2021,56,56,270,130,66,1,0,15.9,59,18.69,166.1,6.35,6.04,5.1,2.2,69.76,1,1.21
2021ORG_Trial,2021,PHB47*MO17,PHB47*MO17,WISN19/22258,HIP,105,1,2,13,6/1/2021,10/21/2021,56,57,262,110,57,5,5,17.1,55.5,18.01,157.8,7.12,7.57,4.76,1.91,67.53,0.98,1.24
2021ORG_Trial,2021,J23/A22,MNT2,2020 Montigomery ,MONT,106,1,2,15,6/1/2021,10/21/2021,57,57,237,121,58,10,0,24,48.8,19.21,154.3,6.62,6.59,4.25,1.48,70.12,0.94,1.29
2021ORG_Trial,2021,B73*PHG39-B-B-55-1-1-B-BxLH82*PHG47-B-B-7-1-1-B-B,UIUC77,2019MOB_CONV,NIFATOP20,107,1,2,17,6/1/2021,10/21/2021,55,56,234,105,51,0,0,15.2,57.8,17,152.3,6.84,6.89,3.67,1.96,70.45,0.96,1.25
2021ORG_Trial,2021,59R5,CHECK,Great Harvest Organic,CHECK,108,1,2,19,6/1/2021,10/21/2021,55,56,252,116,59,0,0,17,55.6,17.32,151.9,6.47,6.55,3.46,1.86,71.16,0.92,1.25
2021ORG_Trial,2021,B73*LH82-B-B-10-1-1-B-B X B73*PHG47-B-B-10-1-1-B-B,UIUC241,2019MOB_CONV,NIFATOP19,109,1,2,21,6/1/2021,10/21/2021,55,56,240,118,44,2,0,18.5,53.7,16.52,142.3,6.23,6.66,4.47,2.03,70.05,1.06,1.24
2021ORG_Trial,2021,B73*PHG84,ILORG0010,2019MOB_ORG,ORGOREI,110,1,2,23,6/1/2021,10/21/2021,58,59,278,137,51,1,0,17.5,55,22.19,193.4,6.2,6.47,4.22,1.65,70.79,1,1.27
2021ORG_Trial,2021,LH82*PHG39-B-B-18-1-1-B-B X PHG35*PHG39-B-B-22-1-1-B-B,UIUC306,2019MOB_CONV,NIFABOT19,111,1,2,25,6/1/2021,10/21/2021,58,58,243,87,46,0,0,16,56.8,14.01,124.3,6.54,7.57,2.25,1.5,71.29,0.9,1.3
2021ORG_Trial,2021,59R5,CHECK,Great Harvest Organic,CHECK,112,1,2,27,6/1/2021,10/21/2021,53,53,270,118,52,0,0,15,57.9,20.52,184.3,6.61,6.92,3.67,1.8,70.33,0.96,1.26
2021ORG_Trial,2021,PHP38*Q381,ILORG0006,2019MOB_ORG,ORGOREI,113,1,2,29,6/1/2021,10/21/2021,52,53,235,83,55,0,0,15.5,57.6,16.03,143.1,6.19,7.09,3.94,1.73,70.4,1.01,1.27
2021ORG_Trial,2021,B73*PHG39-B-B-61-1-1-B-B X PHG35*PHG47-B-B-20-1-1-B-B,UIUC214,2019MOB_CONV,NIFATOP19,114,1,2,31,6/1/2021,10/21/2021,57,58,257,112,57,0,0,15.1,58.1,18.77,168.4,6.59,7.47,4.1,1.61,68.73,0.95,1.27
2021ORG_Trial,2021,BS13(S)C8)-7312-1-1-1-02-02-B-B-02 * OH 618:4374)-01,ISU006,17SMPS:Scott:6267/6261,AMES,115,1,2,33,6/1/2021,10/21/2021,57,58,254,124,59,0,0,17.4,55,21.02,183.5,6.82,6.57,4.31,2.2,69.94,0.95,1.22
2021ORG_Trial,2021,LH244*MO17,LH244*MO17,WISN19/22335,HIP,116,1,2,35,6/1/2021,10/21/2021,58,59,279,120,59,5,0,18.4,54.1,21.4,184.5,6.29,6.19,4.6,1.98,70.42,1.03,1.24
2021ORG_Trial,2021,PHW52*Q381,ILORG0008,2019MOB_ORG,ORGOREI,132,1,3,5,6/1/2021,10/21/2021,52,53,231,90,38,0,0,15.1,58,14.89,133.6,6.23,7.53,3.75,1.79,70.44,1.05,1.26
2021ORG_Trial,2021,59R5,CHECK,Great Harvest Organic,CHECK,131,1,3,7,6/1/2021,10/21/2021,54,55,285,120,52,0,0,15.3,58,23.44,209.8,6.27,7.68,3.03,1.49,70.94,0.96,1.29
2021ORG_Trial,2021,B73*LH82,ILORG0016,2019MOB_ORG,ORGOREI,130,1,3,9,6/1/2021,10/21/2021,53,54,247,98,62,0,0,16.7,56.1,21.72,191.2,6.21,6.22,3.94,1.98,71.16,1.06,1.25
2021ORG_Trial,2021,PHW52*LH185,ILORG0007,2019MOB_ORG,ORGOREI,129,1,3,11,6/1/2021,10/21/2021,55,56,267,102,57,0,0,15.3,57.7,19.63,175.7,6.5,6.57,4.25,2.24,70.47,0.96,1.21
2021ORG_Trial,2021,PHG39*PHZ51,ILORG0015,2019MOB_ORG,ORGOREI,128,1,3,13,6/1/2021,10/21/2021,57,58,294,109,62,0,0,14.4,58.7,16.08,145.4,6.54,7.12,3.9,1.97,70,0.94,1.24
2021ORG_Trial,2021,PHG39*LH82,ILORG0017,2019MOB_ORG,ORGOREI,127,1,3,15,6/1/2021,10/21/2021,55,56,235,93,54,0,0,17.1,55.7,14.8,129.6,6.55,7.25,3.35,1.67,70.46,0.93,1.28
2021ORG_Trial,2021,PHRE1*PHTD5,PHRE1*PHTD5,WISN19/23125,HIP,126,1,3,17,6/1/2021,10/21/2021,48,48,221,94,59,0,0,12.8,60.6,16.73,154.1,6.56,8.1,3.36,1.78,69.12,0.97,1.26
2021ORG_Trial,2021,LH82*PH207-B-B-1-1-1-B-BxPH207*PHG47-B-B-10-1-1-B-B,UIUC395,2019MOB_CONV,NIFABOT20,125,1,3,19,6/1/2021,10/21/2021,52,53,200,94,57,0,0,13.3,60.1,12.31,112.8,6.31,8.04,4.24,1.67,68.56,1.09,1.27
2021ORG_Trial,2021,LH82*PHG39-B-B-19-1-1-B-BxPHG35*PHG39-B-B-23-1-1-B-B,UIUC307,2019MOB_CONV,NIFABOT20,124,1,3,21,6/1/2021,10/21/2021,59,60,199,100,54,0,0,15.1,58,12.43,111.5,6.49,8.26,3.51,1.53,69.33,1.02,1.29
2021ORG_Trial,2021,LH82*PH207-B-B-17-1-1-B-BxPH207*PHG47-B-B-13-1-1-B-B,UIUC399,2019MOB_CONV,NIFABOT20,123,1,3,23,6/1/2021,10/21/2021,52,53,212,79,57,0,0,14.2,59,13.15,119.2,6.37,7.33,4.2,1.7,69.76,1.06,1.27
2021ORG_Trial,2021,17.461,ORG1,2020 Mandaamin,MAN,122,1,3,25,6/1/2021,10/21/2021,53,53,260,118,57,5,0,14.9,58,17.83,160.3,6.81,8.16,5.49,2.5,67.55,1.13,1.19
2021ORG_Trial,2021,B73*LH82-B-B-18-1-1-B-BxB73*PHG47-B-B-13-1-1-B-B,UIUC244,2019MOB_CONV,NIFABOT20,121,1,3,27,6/1/2021,10/21/2021,54,54,248,90,50,0,0,14.2,58.7,13.05,118.3,6.53,7.21,5.59,1.58,67.53,1.14,1.27
2021ORG_Trial,2021,PHHB9*PHR63,ILORG0002,2019MOB_ORG,ORGOREI,120,1,3,29,6/1/2021,10/21/2021,56,57,255,120,56,0,0,19.5,52.8,18.49,157.3,6.45,6.39,3.63,1.59,71.5,0.95,1.28
2021ORG_Trial,2021,B73*PHG39-B-B-21-1-1-B-BxLH82*PHG35-B-B-15-1-1-B-B,UIUC31,2019MOB_CONV,NIFATOP20,119,1,3,31,6/1/2021,10/21/2021,59,59,276,134,54,2,0,17.1,55.7,22.86,200.2,6.24,7.25,3.47,1.52,70.47,0.95,1.29
2021ORG_Trial,2021,B73*PHG39-B-B-3-1-1-B-B X PH207*PHG47-B-B-3-1-1-B-B,UIUC97,2019MOB_CONV,NIFABOT19,118,1,3,33,6/1/2021,10/21/2021,52,53,247,102,52,1,0,15.2,57.9,18.15,162.6,6.66,8.14,4.66,1.58,68.12,1.07,1.27
2021ORG_Trial,2021,LH82*PHG39-B-B-19-1-1-B-BxPHG39*PHG47-B-B-19-1-1-B-B,UIUC333,2019MOB_CONV,NIFABOT20,117,1,3,35,6/1/2021,10/21/2021,59,60,243,102,61,0,0,14.7,58.4,12.6,113.6,6.54,7.87,4.36,1.62,68.9,1.04,1.27
2021ORG_Trial,2021,PHHB9*PHZ51,ILORG0004,2019MOB_ORG,ORGOREI,133,1,4,5,6/1/2021,10/21/2021,54,55,283,120,53,0,0,14.7,58.4,18.42,166,6.16,7.19,3.94,1.82,70.33,1.06,1.26
2021ORG_Trial,2021,BS13(S)C8)-7312-1-1-1-02-02-B-B-02 * OH 621:4367)-01,ISU003,17SMPS:Scott:6157/6152,AMES,134,1,4,7,6/1/2021,10/21/2021,56,57,277,143,56,2,0,18,54.2,19.33,167.5,6.81,7.32,4.24,2.03,69.59,0.97,1.23
2021ORG_Trial,2021,LH244*PHN82,LH244*PHN82,WISN19/22950,HIP,135,1,4,9,6/1/2021,10/21/2021,55,56,258,115,64,0,0,16.2,56.7,22.98,203.5,6.07,6.13,4.23,1.96,71.21,1.02,1.25
2021ORG_Trial,2021,2.4)17-21-1-9 * C2B2-4-2-1-#B-B-#23-8xc?-#B)-B,ORG103,JR PATCH 2 - 2020/Mandaamin,MAN,136,1,4,11,6/1/2021,10/21/2021,54,55,245,117,56,0,0,18.1,54.2,14.37,124.4,6.82,8.26,5.08,2.65,68.4,1.12,1.18
2021ORG_Trial,2021,BSSS(R)C15-018-01-01-02-01-B-B * OH 514:4365)-01,ISU002,17SMPS:Scott:6146/6142,AMES,137,1,4,13,6/1/2021,10/21/2021,56,56,292,122,63,0,0,17.2,55.6,20.68,180.9,6.63,6.49,4.86,1.86,69.61,1.03,1.25
2021ORG_Trial,2021,B73*PHG39-B-B-30-1-1-B-B X PHG35*PHG47-B-B-24-1-1-B-B,UIUC121,2019MOB_CONV,NIFABOT19,138,1,4,15,6/1/2021,10/21/2021,56,56,250,113,55,0,0,12.9,60.4,17.38,160,6.71,7.3,4.04,1.75,69.26,0.95,1.26
2021ORG_Trial,2021,PHG39*PHG84,ILORG0009,2019MOB_ORG,ORGOREI,139,1,4,17,6/1/2021,10/21/2021,59,59,272,118,56,0,0,14.6,58.6,18.76,169.3,6.53,7.8,2.92,1.33,70.92,0.93,1.31
2021ORG_Trial,2021,B73*PHG35-B-B-31-1-1-B-BxPHG39*PHG47-B-B-9-1-1-B-B,UIUC371,2019MOB_CONV,NIFATOP20,140,1,4,19,6/1/2021,10/21/2021,56,56,264,105,52,0,0,16.3,56.2,18.96,167.7,6.24,6.56,5.11,2.41,69.32,1.11,1.2
2021ORG_Trial,2021,17.2B24,ORG4,2020 Mandaamin,MAN,141,1,4,21,6/1/2021,10/21/2021,55,56,234,108,51,0,0,19.2,52.8,17.12,146.2,7,8.48,5.69,2.62,66.84,1.15,1.18
2021ORG_Trial,2021,UFAR6-5-B-5-B-4-B-1 * LH123-116-10-10-#7-5-pb-1-1-1)-B,ORG102,Bowers Produce Orchard/Mandaamin,MAN,142,1,4,23,6/1/2021,10/21/2021,52,53,235,86,68,0,0,14.3,58.7,18.89,171.1,6.76,7.39,4.27,2.26,69.15,1.02,1.22
2021ORG_Trial,2021,BSSS(R)C15-018-01-01-02-01-B-B-B-01 PHG39:)-B-01-01|04,ISU009,17WMPS:OREI:3294:004/3311,AMES,143,1,4,25,6/1/2021,10/21/2021,57,58,271,114,63,5,0,19.8,52.6,14.26,120.8,7.04,6.81,4.53,1.8,69.04,1,1.25
2021ORG_Trial,2021,PHHB9*PHW30,ILORG0003,2019MOB_ORG,ORGOREI,144,1,4,27,6/1/2021,10/21/2021,56,56,294,119,63,0,0,14.5,58.8,20.08,181.4,6.71,7.38,3.26,1.59,70.39,0.98,1.28
2021ORG_Trial,2021,B73*PHG39-B-B-52-1-1-B-B X PHG35*PHG47-B-B-1-1-1-B-B,UIUC205,2019MOB_CONV,NIFATOP19,145,1,4,29,6/1/2021,10/21/2021,55,55,232,97,59,0,0,14.4,58.7,16.61,150.2,6.5,7.08,3.79,1.72,70.04,0.93,1.27
2021ORG_Trial,2021,BS13(S)C8)-7312-1-1-1-02-02-02-B-B * BSSS(R)C15-018-01-01-02-01-B-B,ISU011,16SMPS:Scott:5133:001/5113,AMES,146,1,4,31,6/1/2021,10/21/2021,55,56,253,86,56,9,0,20.4,51.7,16.9,142.1,6.71,6.75,4.28,1.96,69.94,0.97,1.24
2021ORG_Trial,2021,B73*PHG39-B-B-18-1-1-B-BxLH82*PHG47-B-B-12-1-1-B-B,UIUC53,2019MOB_CONV,NIFATOP20,147,1,4,33,6/1/2021,10/21/2021,53,54,250,135,53,0,0,14.4,59.1,20.13,182.1,6.38,7.47,4.02,1.47,70.11,1.03,1.29
2021ORG_Trial,2021,BSSS(R)C15-018-01-01-02-01-B-B * OH 623:4371)-01,ISU007,17SMPS:Scott:6176/6171,AMES,148,1,4,35,6/1/2021,10/21/2021,56,57,278,115,50,2,0,14.7,58.2,16.93,152.6,6.29,6.06,4.06,2.26,71.06,1.02,1.22
2021ORG_Trial,2021,B73*PH207-B-B-17-1-1-B-BxB73*PHG47-B-B-13-1-1-B-B,UIUC265,2019MOB_CONV,NIFABOT20,162,1,5,9,6/1/2021,10/21/2021,52,52,218,84,58,0,0,14.6,58.6,19.85,179.1,5.98,7.65,4.53,1.7,69.29,1.06,1.26
2021ORG_Trial,2021,LH82*PH207-B-B-18-1-1-B-BxPH207*PHG47-B-B-15-1-1-B-B,UIUC400,2019MOB_CONV,NIFABOT20,161,1,5,11,6/1/2021,10/21/2021,52,52,196,97,63,0,0,13.6,59.9,14.57,133,6.32,8.59,3.14,1.48,69.75,1.02,1.3
2021ORG_Trial,2021,PHJ89*PH207,PHJ89*PH207,WISN19/22434,HIP,160,1,5,13,6/1/2021,10/21/2021,52,52,248,108,66,1,0,15.2,57.5,21.34,191.2,6.57,8.27,4.59,1.73,68.03,1.06,1.26
2021ORG_Trial,2021,B73*MO17,B73*MO17,WISN19/22218,HIP,159,1,5,15,6/1/2021,10/21/2021,57,58,273,128,59,9,0,17.5,54.9,23.7,206.6,7.04,7.37,4.47,2.15,69.01,1.01,1.22
2021ORG_Trial,2021,PHG29*PHG47,PHG29*PHG47,WISN18/32404,HIP,158,1,5,17,6/1/2021,10/21/2021,52,53,240,111,54,0,0,13,60.4,15.61,143.5,6.38,7.87,3.85,1.62,69.84,1.08,1.28
2021ORG_Trial,2021,PHHB9*PHM49,ILORG0001,2019MOB_ORG,ORGOREI,157,1,5,19,6/1/2021,10/21/2021,56,57,251,88,59,2,0,15.6,57.5,17.58,156.8,6.55,7.53,3.51,1.65,70.24,0.96,1.27
2021ORG_Trial,2021,59R5,CHECK,Great Harvest Organic,CHECK,156,1,5,21,6/1/2021,10/21/2021,53,54,282,110,56,0,0,15.1,58.1,23.09,207.1,6.4,7.01,3.71,1.76,70.62,0.96,1.26
2021ORG_Trial,2021,B73*PHG39-B-B-16-1-1-B-B X PHG35*PHG47-B-B-1-1-1-B-B,UIUC107,2019MOB_CONV,NIFABOT19,155,1,5,23,6/1/2021,10/21/2021,57,57,235,90,58,0,0,14.3,58.9,15.22,137.8,6.3,8.01,3.21,1.51,70.09,0.95,1.29
2021ORG_Trial,2021,B73*PHG39-B-B-25-1-1-B-BxLH82*PH207-B-B-24-1-1-B-B,UIUC12,2019MOB_CONV,NIFATOP20,154,1,5,25,6/1/2021,10/21/2021,56,57,285,142,60,0,0,17.3,55.3,19.5,170.4,6.58,6.67,4.37,1.97,69.75,1.06,1.24
2021ORG_Trial,2021,PHB47*PHN82,PHB47*PHN82,WISN19/22911,HIP,153,1,5,27,6/1/2021,10/21/2021,55,56,254,118,57,0,0,14.9,58.2,18.61,167.3,6.78,7.69,3.32,1.61,69.65,0.98,1.28
2021ORG_Trial,2021,59R5,CHECK,Great Harvest Organic,CHECK,152,1,5,29,6/1/2021,10/21/2021,53,54,287,112,54,1,0,15.8,57.2,20.42,181.7,6.18,6.46,3.43,1.74,71.52,0.96,1.27
2021ORG_Trial,2021,B73*PHG39-B-B-58-1-1-B-BxLH82*PHG35-B-B-21-1-1-B-B,UIUC160,2019MOB_CONV,NIFATOP20,151,1,5,31,6/1/2021,10/21/2021,56,56,232,83,60,0,0,17.2,55.6,22.72,198.8,6.25,7.09,3.7,1.65,70.37,1,1.27
2021ORG_Trial,2021,LH195*PHN82,LH195*PHN82,WISN18/32801,HIP,150,1,5,33,6/1/2021,10/21/2021,58,59,218,91,61,0,0,16.6,56.5,19.3,170.1,6.32,7.74,3.3,1.42,70.68,1.01,1.3
2021ORG_Trial,2021,B73*PHG39-B-B-66-1-1-B-B X PH207*PHG47-B-B-29-1-1-B-B,UIUC202,2019MOB_CONV,NIFATOP19,149,1,5,35,6/1/2021,10/21/2021,54,55,250,100,52,0,0,13.8,59.1,15.66,142.6,6.61,7.03,5.62,2.22,67.79,1.13,1.21
2021ORG_Trial,2021,434/H51,MNT1,2020 Montigomery ,MONT,167,1,6,9,6/1/2021,10/21/2021,56,56,230,88,41,1,0,19.4,53,18.47,157.3,6.7,7.97,3.37,1.39,69.68,0.93,1.3
2021ORG_Trial,2021,LH82*PH207-B-B-21-1-1-B-B X PHG35*PHG47-B-B-17-1-1-B-B,UIUC380,2019MOB_CONV,NIFATOP19,168,1,6,11,6/1/2021,10/21/2021,53,53,218,80,57,0,0,14.8,58.7,19.49,175.5,5.94,7.48,3.75,1.48,70.27,0.99,1.29
2021ORG_Trial,2021,B73*LH82-B-B-5-1-1-B-B X B73*PHG35-B-B-4-1-1-B-B,UIUC236,2019MOB_CONV,NIFATOP19,169,1,6,13,6/1/2021,10/21/2021,56,57,232,112,61,14,1,15.6,57.5,16.34,145.7,6.62,7.83,4.45,1.76,68.26,1.03,1.26
2021ORG_Trial,2021,BSSS(R)C15-018-01-01-02-01-B-B * OH 618:4374)-01,ISU005,17SMPS:Scott:6266/6261,AMES,170,1,6,15,6/1/2021,10/21/2021,58,58,271,119,53,0,0,17.6,55.1,20.38,177.4,6.7,6.52,4.55,1.69,69.51,0.97,1.26
2021ORG_Trial,2021,LH244*PHZ51,LH244*PHZ51,WIPV19/50398B,HIP,171,1,6,17,6/1/2021,10/21/2021,56,57,292,145,60,0,0,13.9,59.4,20.56,187,6.3,6.51,4.8,2.14,69.77,1.08,1.22
2021ORG_Trial,2021,B73*PH207-B-B-9-1-1-B-BxPHG35*PHG39-B-B-30-1-1-B-B,UIUC295,2019MOB_CONV,NIFATOP20,172,1,6,19,6/1/2021,10/21/2021,57,58,297,122,47,0,0,14.2,58.8,16.72,151.6,6.35,7.16,3.46,1.7,70.47,0.96,1.27
2021ORG_Trial,2021,PHB47*PHK76,PHB47*PHK76,WISN19/33341,HIP,173,1,6,21,6/1/2021,10/21/2021,52,52,248,104,59,1,0,13.9,59.3,18.41,167.5,6.61,8.02,4.04,1.55,68.38,0.95,1.28
2021ORG_Trial,2021,LH82*PH207-B-B-1-1-1-B-B X PHG35*PHG47-B-B-10-1-1-B-B,UIUC372,2019MOB_CONV,NIFATOP19,174,1,6,23,6/1/2021,10/21/2021,53,54,229,115,61,0,0,13.4,60.1,16.64,152.3,6.29,8.1,4.35,1.72,68.47,1.07,1.27
2021ORG_Trial,2021,B73*PHG35-B-B-26-1-1-B-BxPHG39*PHG47-B-B-7-1-1-B-B,UIUC369,2019MOB_CONV,NIFATOP20,175,1,6,25,6/1/2021,10/21/2021,58,58,265,118,58,0,0,14.2,59,16.68,151.2,6.85,7.15,4.1,1.94,69.26,1.03,1.25
2021ORG_Trial,2021,B73*PHG39-B-B-4-1-1-B-BxPH207*PHG47-B-B-4-1-1-B-B,UIUC99,2019MOB_CONV,NIFATOP20,176,1,6,27,6/1/2021,10/21/2021,58,58,278,115,62,1,0,17.3,55.2,18.67,163.1,6.84,6.64,4.78,1.92,69.06,1.02,1.24
2021ORG_Trial,2021,B73*PHN82,B73*PHN82,WISN19/22842,HIP,177,1,6,29,6/1/2021,10/21/2021,56,57,254,112,61,1,0,16.2,56.9,21,185.9,6.25,6.43,4.3,1.78,70.57,1,1.26
2021ORG_Trial,2021,B73*LH82-B-B-3-1-1-B-B X B73*PHG47-B-B-25-1-1-B-B,UIUC256,2019MOB_CONV,NIFATOP19,178,1,6,31,6/1/2021,10/21/2021,52,53,236,101,53,0,0,14.3,58.9,15.81,143.2,6.18,7.58,3.88,1.72,70.23,1.06,1.27
2021ORG_Trial,2021,B73*PHG39-B-B-23-1-1-B-B X PHG35*PHG47-B-B-18-1-1-B-B,UIUC114,2019MOB_CONV,NIFABOT19,179,1,6,33,6/1/2021,10/21/2021,53,54,252,92,55,0,0,15.2,57.9,22.17,198.6,6.19,6.91,3.74,1.89,70.76,1.06,1.26
2021ORG_Trial,2021,LH195*MO17,LH195*MO17,WISN19/22250,HIP,180,1,6,35,6/1/2021,10/21/2021,61,61,277,147,62,3,0,19,53.3,20.35,174.2,6.67,7.01,4.78,1.7,69.13,0.99,1.26
2021ORG_Trial,2021,B73*PH207,ILORG0011,2019MOB_ORG,ORGOREI,194,1,7,9,6/1/2021,10/21/2021,52,53,230,97,50,0,0,15.5,57.6,19.85,177.2,6.19,7.25,3.91,1.78,70.38,1,1.26
2021ORG_Trial,2021,B73*PHG39-B-B-20-1-1-B-B X PHG35*PHG47-B-B-14-1-1-B-B,UIUC110,2019MOB_CONV,NIFABOT19,193,1,7,11,6/1/2021,10/21/2021,56,57,274,133,58,0,0,15,58.2,18.19,163.4,6.43,6.67,3.16,1.6,71.25,0.93,1.28
2021ORG_Trial,2021,PHG39*PH207,ILORG0013,2019MOB_ORG,ORGOREI,192,1,7,13,6/1/2021,10/21/2021,53,54,250,104,54,0,0,15.5,57.8,16.22,144.8,6.58,7.8,4.01,1.66,69.22,0.98,1.27
2021ORG_Trial,2021,PHHB9*Q381,ILORG0005,2019MOB_ORG,ORGOREI,191,1,7,15,6/1/2021,10/21/2021,52,53,254,109,63,0,0,14.5,58.8,20.68,186.8,6.42,7.55,4.17,1.79,69.44,1.03,1.26
2021ORG_Trial,2021,LH82*PH207-B-B-29-1-1-B-B X PHG35*PHG47-B-B-24-1-1-B-B,UIUC388,2019MOB_CONV,NIFATOP19,190,1,7,17,6/1/2021,10/21/2021,56,57,223,105,52,0,1,13.1,59.9,12.72,116.8,6.32,7.97,4.14,1.85,69.21,1.09,1.26
2021ORG_Trial,2021,BSSS(R)C15-018-01-01-02-01-B-B * OH 624:4372)-01,ISU001,17SMPS:Scott:6256/6252,AMES,189,1,7,19,6/1/2021,10/21/2021,53,54,242,106,56,0,0,14,59.1,16.49,149.8,6.66,7.27,4.67,2.12,69.14,1.07,1.23
2021ORG_Trial,2021,UFAR-6-6-B-6-B-B * LH123-116-10-10-#7-5-pbl-1-1)-B,ORG101,Bowers Produce Orchard/Mandaamin,MAN,188,1,7,21,6/1/2021,10/21/2021,54,55,254,93,59,0,0,14.6,58.6,18.82,169.8,6.65,8.25,4.76,2.04,67.57,1.01,1.23
2021ORG_Trial,2021,B73*PHG39-B-B-23-1-1-B-B X PH207*PHG47-B-B-20-1-1-B-B,UIUC88,2019MOB_CONV,NIFABOT19,187,1,7,23,6/1/2021,10/21/2021,53,54,258,95,60,0,0,12.8,60.5,17.88,164.7,6.26,7.32,4.68,1.75,69.69,1.11,1.26
2021ORG_Trial,2021,B73*PHG39-B-B-53-1-1-B-B X LH82*PHG47-B-B-5-1-1-B-B,UIUC75,2019MOB_CONV,NIFABOT19,186,1,7,25,6/1/2021,10/21/2021,53,54,263,101,52,0,0,13.6,59.5,19.28,176,6.74,7.28,4.19,2.1,69.39,1.1,1.23
2021ORG_Trial,2021,LH82*PH207-B-B-12-1-1-B-BxPH207*PHG47-B-B-11-1-1-B-B,UIUC396,2019MOB_CONV,NIFABOT20,185,1,7,27,6/1/2021,10/21/2021,59,60,203,87,51,0,0,10.6,60.5,2.05,19.4,6.96,9.69,3.24,1.32,67.71,0.96,1.3
2021ORG_Trial,2021,B73*PHG47,ILORG0012,2019MOB_ORG,ORGOREI,184,1,7,29,6/1/2021,10/21/2021,53,54,238,95,58,0,0,13.9,59.2,21.37,194.4,6.46,6.87,5.62,2.02,68.29,1.09,1.23
2021ORG_Trial,2021,B73*LH82-B-B-18-1-1-B-BxB73*PHG35-B-B-18-1-1-B-B,UIUC223,2019MOB_CONV,NIFABOT20,183,1,7,31,6/1/2021,10/21/2021,56,57,200,66,53,0,0,14.4,58.5,8.95,81,6.36,9.01,3.73,1.2,68.19,1,1.31
2021ORG_Trial,2021,B73*PHG39-B-B-25-1-1-B-B X PHG35*PHG47-B-B-20-1-1-B-B,UIUC116,2019MOB_CONV,NIFABOT19,182,1,7,33,6/1/2021,10/21/2021,55,56,242,115,49,0,0,16.4,56.5,20.13,177.8,6.37,7.52,4.42,1.75,68.87,1.04,1.26
2021ORG_Trial,2021,BSSS(R)C15-018-01-01-02-01-B-B * OH 621:4367)-01,ISU004,17SMPS:Scott:6156/6152,AMES,181,1,7,35,6/1/2021,10/21/2021,56,57,272,145,46,1,0,16.5,56.4,17.3,152.6,6.49,7.14,5.31,1.7,68.36,1.1,1.26
2021ORG_Trial,2021,LH82*PH207-B-B-1-1-1-B-B X PHG35*PHG47-B-B-10-1-1-B-B,UIUC372,2019MOB_CONV,NIFATOP19,203,2,8,9,6/1/2021,10/21/2021,53,54,207,72,52,0,0,14.4,58.8,18.49,167.2,6.51,8.15,4.27,1.67,68.38,1.03,1.27
2021ORG_Trial,2021,BSSS(R)C15-018-01-01-02-01-B-B * OH 618:4374)-01,ISU005,17SMPS:Scott:6266/6261,AMES,204,2,8,11,6/1/2021,10/21/2021,56,57,255,104,55,0,0,17.9,54.5,18.39,159.5,6.43,5.78,4.3,1.95,71.11,0.94,1.24
2021ORG_Trial,2021,PHG39*PHZ51,ILORG0015,2019MOB_ORG,ORGOREI,205,2,8,13,6/1/2021,10/21/2021,56,57,286,136,59,0,0,14.9,58.3,18.62,167.4,6.44,7.23,3.6,1.9,70.08,0.95,1.25
2021ORG_Trial,2021,B73*PHG39-B-B-58-1-1-B-BxLH82*PHG35-B-B-21-1-1-B-B,UIUC160,2019MOB_CONV,NIFATOP20,206,2,8,15,6/1/2021,10/21/2021,56,56,251,107,64,0,0,17.8,54.9,22.73,197.4,6.22,7.23,3.69,1.57,70.44,0.96,1.28
2021ORG_Trial,2021,B73*PHG39-B-B-4-1-1-B-BxPH207*PHG47-B-B-4-1-1-B-B,UIUC99,2019MOB_CONV,NIFATOP20,207,2,8,17,6/1/2021,10/21/2021,56,56,280,106,65,0,0,15.9,57.1,20.68,183.8,6.39,7.17,4.6,1.8,69.34,1.04,1.25
2021ORG_Trial,2021,B73*PHG84,ILORG0010,2019MOB_ORG,ORGOREI,208,2,8,19,6/1/2021,10/21/2021,58,58,280,112,54,0,0,17,55.8,19.31,169.4,6.23,6.79,4.3,1.65,70.37,1.03,1.27
2021ORG_Trial,2021,PHRE1*PHTD5,PHRE1*PHTD5,WISN19/23125,HIP,209,2,8,21,6/1/2021,10/21/2021,48,48,221,98,62,0,1,13.6,59.5,16.83,153.6,6.57,9.29,3.75,1.67,67.6,1.03,1.27
2021ORG_Trial,2021,59R5,CHECK,Great Harvest Organic,CHECK,210,2,8,23,6/1/2021,10/21/2021,52,53,269,115,54,0,0,15.3,58.1,22.09,197.7,6.32,7.14,3.9,1.73,70.48,0.99,1.27
2021ORG_Trial,2021,PHG39*LH82,ILORG0017,2019MOB_ORG,ORGOREI,211,2,8,25,6/1/2021,10/21/2021,54,54,230,101,52,0,0,16.3,56.6,19.42,171.8,6.84,7.71,4.16,1.65,68.78,1.04,1.27
2021ORG_Trial,2021,B73*PH207-B-B-9-1-1-B-BxPHG35*PHG39-B-B-30-1-1-B-B,UIUC295,2019MOB_CONV,NIFATOP20,212,2,8,27,6/1/2021,10/21/2021,56,57,257,110,41,0,0,13.6,59.4,17.12,156.3,6.56,7.77,3.57,1.68,69.92,0.99,1.27
2021ORG_Trial,2021,B73*LH82-B-B-18-1-1-B-BxB73*PHG35-B-B-18-1-1-B-B,UIUC223,2019MOB_CONV,NIFABOT20,213,2,8,29,6/1/2021,10/21/2021,56,57,210,85,57,0,0,13.3,60,10.66,97.7,6.24,8.08,4.15,1.32,68.75,1.02,1.3
2021ORG_Trial,2021,BSSS(R)C15-018-01-01-02-01-B-B * OH 623:4371)-01,ISU007,17SMPS:Scott:6176/6171,AMES,214,2,8,31,6/1/2021,10/21/2021,56,57,258,101,48,3,0,14.3,58.7,19.2,173.9,6.5,6.42,3.69,2.09,70.92,1,1.24
2021ORG_Trial,2021,LH82*PH207-B-B-21-1-1-B-B X PHG35*PHG47-B-B-17-1-1-B-B,UIUC380,2019MOB_CONV,NIFATOP19,215,2,8,33,6/1/2021,10/21/2021,52,53,222,87,56,0,0,14,59.5,16.98,154.3,6.23,8.29,3.43,1.32,69.42,1,1.31
2021ORG_Trial,2021,B73*PHG39-B-B-66-1-1-B-B X PH207*PHG47-B-B-29-1-1-B-B,UIUC202,2019MOB_CONV,NIFATOP19,216,2,8,35,6/1/2021,10/21/2021,53,54,232,79,55,0,0,13.7,59.2,16.24,148.1,6.35,7.06,4.81,2.18,69.12,1.11,1.22
2021ORG_Trial,2021,LH82*PH207-B-B-22-1-1-B-BxPH207*PHG47-B-B-21-1-1-B-B,UIUC349,2019MOB_CONV,NIFABOT20,230,2,9,9,6/1/2021,10/21/2021,52,52,210,102,49,0,1,13.3,59.8,16.26,149,6.27,7.82,4.01,1.71,69.36,1.04,1.27
2021ORG_Trial,2021,B73*PHG35-B-B-31-1-1-B-BxPHG39*PHG47-B-B-9-1-1-B-B,UIUC371,2019MOB_CONV,NIFATOP20,229,2,9,11,6/1/2021,10/21/2021,56,57,243,99,51,0,0,17.8,54.4,17.52,152.2,6.4,6.43,4.77,2.5,69.89,1.02,1.19
2021ORG_Trial,2021,B73*PHN82,B73*PHN82,WISN19/22842,HIP,228,2,9,13,6/1/2021,10/21/2021,56,56,252,112,64,4,0,16.6,56.5,21.77,191.8,6.3,6.38,3.37,1.71,71.85,0.96,1.27
2021ORG_Trial,2021,B73*PH207-B-B-17-1-1-B-BxB73*PHG47-B-B-13-1-1-B-B,UIUC265,2019MOB_CONV,NIFABOT20,227,2,9,15,6/1/2021,10/21/2021,51,52,205,84,56,0,0,14.8,58.5,15.43,138.9,6.2,7.27,4.84,1.74,69.06,1.07,1.26
2021ORG_Trial,2021,PHB47*MO17,PHB47*MO17,WISN19/22258,HIP,226,2,9,17,6/1/2021,10/21/2021,54,55,262,117,56,8,0,16.3,56.6,19.89,175.9,6.78,7.58,3.65,1.86,69.7,0.97,1.25
2021ORG_Trial,2021,B73*PHG39-B-B-61-1-1-B-B X PHG35*PHG47-B-B-20-1-1-B-B,UIUC214,2019MOB_CONV,NIFATOP19,225,2,9,19,6/1/2021,10/21/2021,56,57,251,111,59,0,0,15.5,57.7,15.46,138,6.51,7.66,3.71,1.49,69.28,0.94,1.29
2021ORG_Trial,2021,LH195*MO17,LH195*MO17,WISN19/22250,HIP,224,2,9,21,6/1/2021,10/21/2021,60,61,275,140,65,0,0,17.3,55.2,22.47,196.4,6.63,8.24,3.81,1.55,69.26,1,1.28
2021ORG_Trial,2021,LH244*PHN82,LH244*PHN82,WISN19/22950,HIP,223,2,9,23,6/1/2021,10/21/2021,54,55,253,102,67,0,0,16.1,56.9,21.62,191.7,6.09,6.39,4.33,1.61,70.59,1.02,1.27
2021ORG_Trial,2021,PHW52*LH185,ILORG0007,2019MOB_ORG,ORGOREI,222,2,9,25,6/1/2021,10/21/2021,54,55,234,83,49,0,0,14.5,58.7,19.08,172.4,6.99,6.95,3.94,2,69.96,1.01,1.24
2021ORG_Trial,2021,17.461,ORG1,2020 Mandaamin,MAN,221,2,9,27,6/1/2021,10/21/2021,53,54,265,112,39,0,0,15.1,57.8,15.35,137.7,6.91,8.38,5.88,2.46,66.34,1.21,1.19
2021ORG_Trial,2021,PHG39*PHG84,ILORG0009,2019MOB_ORG,ORGOREI,220,2,9,29,6/1/2021,10/21/2021,59,59,262,107,57,0,0,15,58.1,18.43,165.5,6.36,7.84,3.23,1.34,70.35,0.95,1.3
2021ORG_Trial,2021,PHHB9*Q381,ILORG0005,2019MOB_ORG,ORGOREI,219,2,9,31,6/1/2021,10/21/2021,52,52,237,90,48,0,0,15.2,57.9,19.85,177.9,6.33,7.28,4.04,1.75,70.13,1.03,1.26
2021ORG_Trial,2021,59R5,CHECK,Great Harvest Organic,CHECK,218,2,9,33,6/1/2021,10/21/2021,53,54,271,120,48,1,0,15.3,57.7,22.26,199.2,6.19,7.19,3.12,1.59,71.34,0.98,1.29
2021ORG_Trial,2021,B110 * BS13(S)C8)-7312-1-1-1-02-02-B-B-02|02,ISU008,17WMPS:OREI:3287:002/3305,AMES,217,2,9,35,6/1/2021,10/21/2021,59,59,250,143,60,10,0,17.9,54.5,13.98,121.3,7.26,7.89,3.81,2.33,69.15,0.96,1.21
2021ORG_Trial,2021,17.2B24,ORG4,2020 Mandaamin,MAN,233,2,10,5,6/1/2021,10/21/2021,53,54,221,105,36,0,0,19.7,52.1,13.02,110.5,7.06,8.25,6.08,2.63,66.68,1.1,1.17
2021ORG_Trial,2021,B73*PHG39-B-B-25-1-1-B-BxLH82*PH207-B-B-24-1-1-B-B,UIUC12,2019MOB_CONV,NIFATOP20,234,2,10,7,6/1/2021,10/21/2021,56,56,250,113,41,0,0,16.6,56.2,15.44,136.1,6.11,7.49,4.26,1.89,70.04,1.04,1.25
2021ORG_Trial,2021,B73*PHG39-B-B-53-1-1-B-B X LH82*PHG47-B-B-5-1-1-B-B,UIUC75,2019MOB_CONV,NIFABOT19,235,2,10,9,6/1/2021,10/21/2021,53,54,228,91,59,0,0,14,59.2,19.01,172.7,6.5,6.78,4.51,2.27,70.07,1.09,1.22
2021ORG_Trial,2021,B73*LH82-B-B-5-1-1-B-B X B73*PHG35-B-B-4-1-1-B-B,UIUC236,2019MOB_CONV,NIFATOP19,236,2,10,11,6/1/2021,10/21/2021,56,56,225,112,60,10,0,15.2,58,16.08,144.1,6.63,7.15,4.46,1.97,69.18,0.99,1.24
2021ORG_Trial,2021,B73*PHG39-B-B-24-1-1-B-B X PH207*PHG47-B-B-21-1-1-B-B,UIUC89,2019MOB_CONV,NIFABOT19,237,2,10,13,6/1/2021,10/21/2021,53,54,251,143,50,0,0,13.4,59.9,19.59,179.3,6.51,7.87,4.77,1.7,68.32,1.04,1.26
2021ORG_Trial,2021,LH82*PH207-B-B-12-1-1-B-BxPH207*PHG47-B-B-11-1-1-B-B,UIUC396,2019MOB_CONV,NIFABOT20,238,2,10,15,6/1/2021,10/21/2021,57,57,208,99,49,0,0,11.6,59.9,2.16,20.2,6.71,10.16,2.86,1.35,68.03,0.99,1.3
2021ORG_Trial,2021,PHJ89*PH207,PHJ89*PH207,WISN19/22434,HIP,239,2,10,17,6/1/2021,10/21/2021,52,52,236,97,56,0,0,15.2,57.9,19.81,177.5,6.36,7.69,4.26,1.83,69.34,1.05,1.25
2021ORG_Trial,2021,59R5,CHECK,Great Harvest Organic,CHECK,240,2,10,19,6/1/2021,10/21/2021,53,53,270,100,51,0,0,15.6,57.7,18.86,168.2,6.34,6.8,3.46,1.73,71.32,0.94,1.27
2021ORG_Trial,2021,B73*PH207,ILORG0011,2019MOB_ORG,ORGOREI,241,2,10,21,6/1/2021,10/21/2021,52,52,236,90,51,0,0,14.7,58.5,18.45,166.3,6.42,7.43,4.97,1.81,68.35,1.06,1.25
2021ORG_Trial,2021,LH82*PHG39-B-B-19-1-1-B-BxPHG39*PHG47-B-B-19-1-1-B-B,UIUC333,2019MOB_CONV,NIFABOT20,242,2,10,23,6/1/2021,10/21/2021,59,59,235,97,61,0,0,14.7,58.4,12.69,114.4,6.39,7.92,4.25,1.63,69.25,1.07,1.27
2021ORG_Trial,2021,B73*PHG39-B-B-16-1-1-B-B X PHG35*PHG47-B-B-1-1-1-B-B,UIUC107,2019MOB_CONV,NIFABOT19,243,2,10,25,6/1/2021,10/21/2021,56,56,232,90,60,0,0,15.5,57.4,17.92,160,6.6,7.44,3.97,1.71,69.27,1.02,1.27
2021ORG_Trial,2021,LH82*PH207-B-B-29-1-1-B-B X PHG35*PHG47-B-B-24-1-1-B-B,UIUC388,2019MOB_CONV,NIFATOP19,244,2,10,27,6/1/2021,10/21/2021,56,56,220,106,50,0,0,12.9,60.1,15.71,144.6,6.82,8.04,3.58,2,69.3,1.09,1.25
2021ORG_Trial,2021,LH82*PH207-B-B-17-1-1-B-BxPH207*PHG47-B-B-13-1-1-B-B,UIUC399,2019MOB_CONV,NIFABOT20,245,2,10,29,6/1/2021,10/21/2021,52,52,197,70,51,0,0,14.1,59.1,12.25,111.2,6.25,7.13,3.8,1.74,70.35,1.05,1.27
2021ORG_Trial,2021,B73*LH82-B-B-13-1-1-B-B X B73*PHG35-B-B-14-1-1-B-B,UIUC222,2019MOB_CONV,NIFATOP19,246,2,10,31,6/1/2021,10/21/2021,56,56,213,95,57,0,0,18.5,54.1,18.29,157.5,6.32,7.84,3.04,1.51,70.79,0.96,1.3
2021ORG_Trial,2021,B73*LH82-B-B-10-1-1-B-B X B73*PHG47-B-B-10-1-1-B-B,UIUC241,2019MOB_CONV,NIFATOP19,247,2,10,33,6/1/2021,10/21/2021,54,55,232,89,52,2,0,17,55.8,17.94,157.3,6.37,6.84,4.86,1.81,69.34,1.06,1.25
2021ORG_Trial,2021,PHHB9*PHR63,ILORG0002,2019MOB_ORG,ORGOREI,248,2,10,35,6/1/2021,10/21/2021,56,56,240,91,64,0,0,19.7,52.8,24.67,209.3,6.34,6.98,3.57,1.61,71.45,0.97,1.28
2021ORG_Trial,2021,PHG39*PH207,ILORG0013,2019MOB_ORG,ORGOREI,264,2,11,5,6/1/2021,10/21/2021,54,54,246,109,46,0,0,15.7,57.4,15.74,140.2,6.39,8.2,3.83,1.66,69.02,1.01,1.27
2021ORG_Trial,2021,B73*LH82-B-B-3-1-1-B-B X B73*PHG47-B-B-25-1-1-B-B,UIUC256,2019MOB_CONV,NIFATOP19,263,2,11,7,6/1/2021,10/21/2021,53,53,224,105,55,0,0,13.7,59.5,17.56,160.1,6.31,7.41,3.71,1.68,70.31,1.07,1.27
2021ORG_Trial,2021,BSSS(R)C15-018-01-01-02-01-B-B * OH 621:4367)-01,ISU004,17SMPS:Scott:6156/6152,AMES,262,2,11,9,6/1/2021,10/21/2021,56,56,257,125,50,0,0,15.9,57.1,16.54,147,6.56,6.79,5.02,1.75,69.27,1.02,1.25
2021ORG_Trial,2021,PHHB9*PHW30,ILORG0003,2019MOB_ORG,ORGOREI,261,2,11,11,6/1/2021,10/21/2021,56,56,261,100,62,0,0,14.7,58.5,19.82,178.6,6.39,7.36,3.54,1.65,70.77,0.93,1.27
2021ORG_Trial,2021,B73*PHG39-B-B-52-1-1-B-B X PHG35*PHG47-B-B-1-1-1-B-B,UIUC205,2019MOB_CONV,NIFATOP19,260,2,11,13,6/1/2021,10/21/2021,53,54,214,75,58,0,0,14.3,59.1,19.32,174.9,6.45,7.19,3.3,1.66,70.55,0.94,1.28
2021ORG_Trial,2021,LH82*PH207-B-B-1-1-1-B-BxPH207*PHG47-B-B-10-1-1-B-B,UIUC395,2019MOB_CONV,NIFABOT20,259,2,11,15,6/1/2021,10/21/2021,52,53,211,83,55,1,0,13,60.4,14.21,130.6,6.32,8.6,4.13,1.64,68.41,1.1,1.28
2021ORG_Trial,2021,BS13(S)C8)-7312-1-1-1-02-02-02-B-B * BSSS(R)C15-018-01-01-02-01-B-B,ISU011,16SMPS:Scott:5133:001/5113,AMES,258,2,11,17,6/1/2021,10/21/2021,54,54,238,93,45,0,0,18.5,54.1,17.4,149.8,6.68,6.84,4.07,1.96,70.17,0.98,1.24
2021ORG_Trial,2021,UFAR-6-6-B-6-B-B * LH123-116-10-10-#7-5-pbl-1-1)-B,ORG101,Bowers Produce Orchard/Mandaamin,MAN,257,2,11,19,6/1/2021,10/21/2021,53,53,240,92,62,1,0,15.4,57.8,19.53,174.6,6.58,7.5,4.35,2.24,68.93,1.04,1.22
2021ORG_Trial,2021,B73*LH82,ILORG0016,2019MOB_ORG,ORGOREI,256,2,11,21,6/1/2021,10/21/2021,53,53,237,97,56,9,0,16.8,55.9,20.35,178.9,6.3,6.7,5.2,2.03,69.02,1.1,1.23
2021ORG_Trial,2021,59R5,CHECK,Great Harvest Organic,CHECK,255,2,11,23,6/1/2021,10/21/2021,53,53,253,108,59,0,0,15.7,57.5,22.1,196.9,6.34,6.73,3.46,1.78,71.3,0.94,1.27
2021ORG_Trial,2021,B73*PHG39-B-B-55-1-1-B-BxLH82*PHG47-B-B-7-1-1-B-B,UIUC77,2019MOB_CONV,NIFATOP20,254,2,11,25,6/1/2021,10/21/2021,54,55,214,89,53,1,1,14.7,58.5,17.55,158.2,6.8,7.07,3.57,1.93,70.22,1.04,1.25
2021ORG_Trial,2021,PHG29*PHG47,PHG29*PHG47,WISN18/32404,HIP,253,2,11,27,6/1/2021,10/21/2021,52,53,232,110,60,0,0,12.9,60.3,19.37,178.3,6.5,7.02,4.65,1.7,69.31,1.1,1.27
2021ORG_Trial,2021,LH82*PHG39-B-B-18-1-1-B-B X PHG35*PHG39-B-B-22-1-1-B-B,UIUC306,2019MOB_CONV,NIFABOT19,252,2,11,29,6/1/2021,10/21/2021,56,57,222,91,41,0,0,14.9,58.2,13.41,120.6,6.34,8.43,3.56,1.54,69.08,0.97,1.28
2021ORG_Trial,2021,DKXL212:S0950-B-083-B-B)-04-06 * MBS5787,ISU010,20SMPS:Agron:2403/2401,AMES,251,2,11,31,6/1/2021,10/21/2021,56,57,277,136,54,0,0,15.5,57.6,22.66,202.3,6.06,7.33,4.15,1.87,69.79,1.08,1.25
2021ORG_Trial,2021,BS13(S)C8)-7312-1-1-1-02-02-B-B-02 * OH 618:4374)-01,ISU006,17SMPS:Scott:6267/6261,AMES,250,2,11,33,6/1/2021,10/21/2021,57,58,261,123,56,0,0,17.6,55,21.32,185.6,7.04,6.32,4.36,2.39,69.85,0.96,1.2
2021ORG_Trial,2021,B73*PHG39-B-B-25-1-1-B-B X PHG35*PHG47-B-B-20-1-1-B-B,UIUC116,2019MOB_CONV,NIFABOT19,249,2,11,35,6/1/2021,10/21/2021,54,55,251,120,63,1,0,15.6,57.5,20.07,179,6.3,6.84,4.15,1.82,69.89,1.01,1.26
2021ORG_Trial,2021,2.4)17-21-1-9 * C2B2-4-2-1-#B-B-#23-8xc?-#B)-B,ORG103,JR PATCH 2 - 2020/Mandaamin,MAN,265,2,12,5,6/1/2021,10/21/2021,54,55,248,115,52,0,0,17.6,54.6,14.8,128.9,6.96,8.43,5.77,2.44,66.81,1.11,1.19
2021ORG_Trial,2021,434/H51,MNT1,2020 Montigomery ,MONT,266,2,12,7,6/1/2021,10/21/2021,56,57,231,92,55,2,0,20,52.3,19.92,168.4,6.71,8,3.44,1.49,69.7,0.94,1.29
2021ORG_Trial,2021,PHW52*Q381,ILORG0008,2019MOB_ORG,ORGOREI,267,2,12,9,6/1/2021,10/21/2021,52,53,246,9,51,0,0,14.9,58.3,16.62,149.4,6.39,6.6,4.11,1.89,70.81,1.04,1.25
2021ORG_Trial,2021,PHG39*PHG47,ILORG0014,2019MOB_ORG,ORGOREI,268,2,12,11,6/1/2021,10/21/2021,56,56,251,112,51,0,0,14.8,58.4,16.63,149.7,6.36,8.23,4.06,1.52,69.39,0.94,1.28
2021ORG_Trial,2021,B73*PHZ51,B73*PHZ51,WIPV19/50404B,HIP,269,2,12,13,6/1/2021,10/21/2021,54,55,276,125,58,0,0,13.6,59.7,18.92,172.7,6.46,6.55,4.97,1.95,69.4,1.02,1.24
2021ORG_Trial,2021,B73*PHG39-B-B-3-1-1-B-B X PH207*PHG47-B-B-3-1-1-B-B,UIUC97,2019MOB_CONV,NIFABOT19,270,2,12,15,6/1/2021,10/21/2021,54,55,252,94,51,0,0,14.3,59.1,18.36,166.3,6.56,7.39,4.59,1.81,69.27,1.06,1.25
2021ORG_Trial,2021,B73*PHG35-B-B-26-1-1-B-BxPHG39*PHG47-B-B-7-1-1-B-B,UIUC369,2019MOB_CONV,NIFATOP20,271,2,12,17,6/1/2021,10/21/2021,57,57,272,137,59,1,0,13.7,59.6,18.81,171.5,6.5,7.44,3.86,1.82,69.72,1,1.26
2021ORG_Trial,2021,59R5,CHECK,Great Harvest Organic,CHECK,272,2,12,19,6/1/2021,10/21/2021,54,55,248,110,51,0,0,15.8,57.5,19.29,171.6,6.24,6.63,3.36,1.71,71.55,0.94,1.27
2021ORG_Trial,2021,PHHB9*PHM49,ILORG0001,2019MOB_ORG,ORGOREI,273,2,12,21,6/1/2021,10/21/2021,56,56,243,100,62,1,0,17.2,55.5,18.04,157.8,6.45,7.13,3.56,1.72,70.75,0.95,1.27
2021ORG_Trial,2021,B73*PHG39-B-B-21-1-1-B-BxLH82*PHG35-B-B-15-1-1-B-B,UIUC31,2019MOB_CONV,NIFATOP20,274,2,12,23,6/1/2021,10/21/2021,58,59,265,145,51,0,0,16.9,55.9,18.41,161.7,6.25,6.62,4.01,1.73,70.37,0.97,1.26
2021ORG_Trial,2021,59R5,CHECK,Great Harvest Organic,CHECK,275,2,12,25,6/1/2021,10/21/2021,53,54,258,90,50,0,0,14.7,58.6,19.65,177.1,6.71,6.85,3.2,1.73,71.11,0.95,1.27
2021ORG_Trial,2021,LH82*PH207-B-B-18-1-1-B-BxPH207*PHG47-B-B-15-1-1-B-B,UIUC400,2019MOB_CONV,NIFABOT20,276,2,12,27,6/1/2021,10/21/2021,51,51,188,70,61,0,0,15.5,57.2,12.42,110.9,6.49,8.38,3.78,1.55,68.59,1.1,1.29
2021ORG_Trial,2021,B73*PHG47,ILORG0012,2019MOB_ORG,ORGOREI,277,2,12,29,6/1/2021,10/21/2021,53,53,250,94,57,0,0,13.7,59.5,18.96,172.9,6.39,6.79,4.92,1.98,69.16,1.07,1.24
2021ORG_Trial,2021,BSSS(R)C15-018-01-01-02-01-B-B-B-01 PHG39:)-B-01-01|04,ISU009,17WMPS:OREI:3294:004/3311,AMES,278,2,12,31,6/1/2021,10/21/2021,55,56,262,112,61,1,6,17.1,55.6,19.26,168.7,6.62,6.79,4.09,1.75,69.93,0.97,1.26
2021ORG_Trial,2021,B73*PHG39-B-B-30-1-1-B-B X PHG35*PHG47-B-B-24-1-1-B-B,UIUC121,2019MOB_CONV,NIFABOT19,279,2,12,33,6/1/2021,10/21/2021,55,56,267,90,48,2,1,14.6,58.3,15.49,139.8,6.64,7.52,3.69,1.6,69.49,0.93,1.27
2021ORG_Trial,2021,BS13(S)C8)-7312-1-1-1-02-02-B-B-02 * OH 621:4367)-01,ISU003,17SMPS:Scott:6157/6152,AMES,280,2,12,35,6/1/2021,10/21/2021,56,57,272,128,59,3,0,17,55.6,19.58,171.7,6.81,7.29,4.4,2.04,69.13,1.01,1.23
2021ORG_Trial,2021,PHP38*Q381,ILORG0006,2019MOB_ORG,ORGOREI,295,2,13,7,6/1/2021,10/21/2021,53,53,273,117,18,0,0,16.2,55.9,6.03,53.4,6.4,8.32,3.59,1.65,69.32,1.04,1.27
2021ORG_Trial,2021,BSSS(R)C15-018-01-01-02-01-B-B * OH 514:4365)-01,ISU002,17SMPS:Scott:6146/6142,AMES,294,2,13,9,6/1/2021,10/21/2021,55,55,252,111,59,0,0,18.2,54.6,20.54,177.5,6.26,6.51,4.03,1.83,71.27,0.97,1.25
2021ORG_Trial,2021,LH244*MO17,LH244*MO17,WISN19/22335,HIP,293,2,13,11,6/1/2021,10/21/2021,57,58,272,115,58,4,1,17.7,54.9,19.18,166.8,6.21,6.2,4.03,1.96,71.31,0.9,1.24
2021ORG_Trial,2021,PHB47*PHN82,PHB47*PHN82,WISN19/22911,HIP,292,2,13,13,6/1/2021,10/21/2021,55,56,246,95,58,0,0,15.2,58,18.66,167.2,6.81,7.98,3.68,1.5,69.19,0.94,1.29
2021ORG_Trial,2021,B73*PHG39-B-B-20-1-1-B-B X PHG35*PHG47-B-B-14-1-1-B-B,UIUC110,2019MOB_CONV,NIFABOT19,291,2,13,15,6/1/2021,10/21/2021,56,56,291,137,54,0,0,14.5,58.5,17.71,160,6.63,7.57,3.45,1.54,70.06,0.92,1.28
2021ORG_Trial,2021,B73*PHG39-B-B-23-1-1-B-B X PH207*PHG47-B-B-20-1-1-B-B,UIUC88,2019MOB_CONV,NIFABOT19,290,2,13,17,6/1/2021,10/21/2021,53,53,281,110,60,0,0,12.8,60.4,16.83,155.1,6.4,7.38,4.72,1.85,69.42,1.14,1.25
2021ORG_Trial,2021,LH244*PHZ51,LH244*PHZ51,WIPV19/50398B,HIP,289,2,13,19,6/1/2021,10/21/2021,55,56,233,80,59,3,1,14,59.1,16.92,153.8,6.25,6.09,5.02,2.32,69.99,1.08,1.21
2021ORG_Trial,2021,PHHB9*PHZ51,ILORG0004,2019MOB_ORG,ORGOREI,288,2,13,21,6/1/2021,10/21/2021,54,55,250,100,63,0,0,13.5,59.7,19.2,175.5,6.32,6.82,4.43,2.1,70.01,1.05,1.23
2021ORG_Trial,2021,UFAR6-5-B-5-B-4-B-1 * LH123-116-10-10-#7-5-pb-1-1-1)-B,ORG102,Bowers Produce Orchard/Mandaamin,MAN,287,2,13,23,6/1/2021,10/21/2021,52,52,210,70,56,0,0,14.9,58.1,16.86,151.6,6.88,7.57,4.53,2.48,68.56,1.04,1.19
2021ORG_Trial,2021,PHB47*PHK76,PHB47*PHK76,WISN19/33341,HIP,286,2,13,25,6/1/2021,10/21/2021,52,53,250,100,52,3,0,13.5,60,17.06,155.9,6.8,7.5,3.52,1.52,69.29,0.94,1.29
2021ORG_Trial,2021,B73*PHG39-B-B-18-1-1-B-BxLH82*PHG47-B-B-12-1-1-B-B,UIUC53,2019MOB_CONV,NIFATOP20,285,2,13,27,6/1/2021,10/21/2021,53,54,261,130,57,2,0,14.8,58.6,20.53,184.8,6.59,7.43,3.75,1.4,70.25,1.03,1.3
2021ORG_Trial,2021,B73*MO17,B73*MO17,WISN19/22218,HIP,284,2,13,29,6/1/2021,10/21/2021,56,56,277,128,59,2,0,17.4,55,18.64,162.7,6.81,6.96,4.24,2.13,69.43,0.99,1.22
2021ORG_Trial,2021,BSSS(R)C15-018-01-01-02-01-B-B * OH 624:4372)-01,ISU001,17SMPS:Scott:6256/6252,AMES,283,2,13,31,6/1/2021,10/21/2021,52,53,277,125,60,2,0,13.6,59.4,15.31,139.8,6.87,7.3,5.44,2.32,68.37,1.12,1.2
2021ORG_Trial,2021,B73*PHG35-B-B-6-1-1-B-BxPHG39*PHG47-B-B-4-1-1-B-B,UIUC366,2019MOB_CONV,NIFATOP20,282,2,13,33,6/1/2021,10/21/2021,56,57,240,95,59,0,0,14.3,58.7,19.71,178.5,6.4,7.09,3.87,1.96,70.18,1.04,1.25
2021ORG_Trial,2021,B73*PHG39-B-B-23-1-1-B-B X PHG35*PHG47-B-B-18-1-1-B-B,UIUC114,2019MOB_CONV,NIFABOT19,281,2,13,35,6/1/2021,10/21/2021,53,53,263,121,54,1,0,13.7,59.5,20.51,187,6.27,7.5,4.5,1.96,68.97,1.11,1.24
2022ORG_Trial,2022,B73*PHG39-B-B-18-1-1-B-B * PHG35*PHG47-B-B-10-1-1-B-B,UIUC522,19MOB_334 X 19MOB_255,NIFAVAL,1001,1,2,5,5/31/2022,10/20/2022,58,63,170,79,NA,0,0,21.8,50.9,10.23,92.99891887,8.05,5.99,4.82,2,67.36,1.11,1.24
2022ORG_Trial,2022,PHP38*Q381,ILORG0006,2019MOB_ORG,ORGOREI,1002,1,2,7,5/31/2022,10/20/2022,52,57,148,70,NA,0,0,14.9,58.3,9.46,81.70816121,7.67,6.44,3.69,1.86,68.57,1.08,1.26
2022ORG_Trial,2022,B73*LH82-B-B-18-1-1-B-BxB73*PHG35-B-B-18-1-1-B-B,UIUC223,2019MOB_CONV,NIFABOT20,1003,1,2,9,5/31/2022,10/20/2022,61,69,161,70,NA,0,0,14.7,57.3,4.37,38.49365429,7.79,6.46,4.4,1.29,67.79,1.07,1.3
2022ORG_Trial,2022,B73*PHZ51,B73*PHZ51,ILH1,HIP,1004,1,2,11,5/31/2022,10/20/2022,58,64,220,102,NA,0,0,19.1,53.2,11.42,102.7581528,7.81,6.43,4.19,1.89,67.79,1.07,1.25
2022ORG_Trial,2022,PHW52*LH185,ILORG0007,2019MOB_ORG,ORGOREI,1005,1,2,13,5/31/2022,10/20/2022,61,69,185,97,NA,0,0,21.3,51,6.69,61.08632092,8.3,6.22,3.38,2.12,68.58,0.99,1.24
2022ORG_Trial,2022,B73*PHK76,B73*PHK76,ILH1,HIP,1006,1,2,15,5/31/2022,10/20/2022,61,69,173,105,NA,0,0,20.5,52,12.13,109.7331589,7.51,6.37,3.22,1.6,68.54,0.95,1.29
2022ORG_Trial,2022,LH82*PHG39-B-B-18-1-1-B-B X PHG35*PHG39-B-B-22-1-1-B-B,UIUC306,2019MOB_CONV,NIFABOT19,1007,1,2,17,5/31/2022,10/20/2022,61,69,151,65,NA,0,0,16.4,55.8,5.13,45.47814468,7.84,6.52,3.14,1.62,69.05,0.98,1.29
2022ORG_Trial,2022,J23/A22,MNT2,2020 Montigomery ,MONT,1008,1,2,19,5/31/2022,10/20/2022,61,68,176,83,NA,0,0,29.6,46.6,11.99,107.1813495,8.38,5.55,5.14,2.01,67.36,1.03,1.24
2022ORG_Trial,2022,B73*PHG39-B-B-18-1-1-B-B * PHG35*PHG47-B-B-28-1-1-B-B,UIUC502,19MOB_334 X 19MOB_687,NIFAVAL,1009,1,2,21,5/31/2022,10/20/2022,61,68,172,98,NA,0,0,26.7,47.7,9.47,86.10906429,7.8,5.97,4.15,2.27,68.09,1.04,1.22
2022ORG_Trial,2022,PHG39*PH207,ILORG0013,2019MOB_ORG,ORGOREI,1010,1,2,23,5/31/2022,10/20/2022,54,62,172,85,NA,0,0,17.1,55.5,8.54,75.48014286,8.15,7.37,3.89,1.8,66.87,1.05,1.26
2022ORG_Trial,2022,LH82*PH207-B-B-1-1-1-B-BxPH207*PHG47-B-B-10-1-1-B-B,UIUC395,2019MOB_CONV,NIFABOT20,1011,1,2,25,5/31/2022,10/20/2022,52,58,130,60,NA,0,0,12.4,60.5,5.97,51.14890704,7.39,7.07,3.84,1.5,67.53,1.06,1.3
2022ORG_Trial,2022,PHHB9*Q381,ILORG0005,2019MOB_ORG,ORGOREI,1012,1,2,27,5/31/2022,10/20/2022,52,59,166,63,NA,0,0,19.2,53,9.18,82.81165569,7.98,6.83,4.04,1.71,67.56,1.05,1.27
2022ORG_Trial,2022,PHHB9*PHR63,ILORG0002,2019MOB_ORG,ORGOREI,1013,1,2,29,5/31/2022,10/20/2022,61,68,167,93,NA,0,0,28,47.3,7.48,67.37305628,7.96,6.4,4.31,2.3,67.42,1.08,1.21
2022ORG_Trial,2022,B73*PHG35-B-B-31-1-1-B-BxPHG39*PHG47-B-B-9-1-1-B-B,UIUC371,2019MOB_CONV,NIFATOP20,1014,1,2,31,5/31/2022,10/20/2022,61,65,185,87,NA,0,0,20,51.8,12.84,117.3379635,7.72,6.02,4.55,2.55,68.26,1.11,1.19
2022ORG_Trial,2022,LH82*PH207-B-B-1-1-1-B-B X PHG35*PHG47-B-B-10-1-1-B-B,UIUC372,2019MOB_CONV,NIFATOP19,1015,1,2,33,5/31/2022,10/20/2022,52,57,166,85,NA,0,0,14.5,58.4,13.83,119.8088068,7.77,7.06,3.94,1.7,67.18,1.12,1.27
2022ORG_Trial,2022,B73*PHG39-B-B-55-1-1-B-BxLH82*PHG47-B-B-7-1-1-B-B,UIUC77,2019MOB_CONV,NIFATOP20,1016,1,2,35,5/31/2022,10/20/2022,55,62,166,70,NA,0,0,22.5,50.1,13.1,119.9081128,8.03,6.81,4.14,1.89,67.63,1.07,1.26
2022ORG_Trial,2022,B73*LH82-B-B-13-1-1-B-B X B73*PHG35-B-B-14-1-1-B-B,UIUC222,2019MOB_CONV,NIFATOP19,1017,1,2,37,5/31/2022,10/20/2022,60,64,166,74,NA,0,0,26,48.2,9.75,88.57325247,7.71,6.81,3.44,1.56,68.94,1.08,1.29
2022ORG_Trial,2022,PHB47*PHN82,PHB47*PHN82,ILH1,HIP,1034,1,3,5,5/31/2022,10/20/2022,57,62,122,60,NA,0,0,15.5,57.5,6.93,60.26086957,8.1,6.76,3.23,1.52,68.26,0.99,1.29
2022ORG_Trial,2022,LH82*PH207-B-B-21-1-1-B-B X PHG35*PHG47-B-B-17-1-1-B-B,UIUC380,2019MOB_CONV,NIFATOP19,1033,1,3,7,5/31/2022,10/20/2022,50,54,152,74,NA,0,0,15,58.4,12.13,104.467253,7.91,6.66,3.74,1.57,67.73,1.04,1.29
2022ORG_Trial,2022,B73*PH207-B-B-17-1-1-B-BxB73*PHG47-B-B-13-1-1-B-B,UIUC265,2019MOB_CONV,NIFABOT20,1032,1,3,9,5/31/2022,10/20/2022,52,61,140,61,NA,0,0,15.4,57.6,7.87,68.39681953,7.68,6.46,4.74,1.75,67.01,1.16,1.26
2022ORG_Trial,2022,B73*PHG39-B-B-52-1-1-B-B X PHG35*PHG47-B-B-1-1-1-B-B,UIUC205,2019MOB_CONV,NIFATOP19,1031,1,3,11,5/31/2022,10/20/2022,52,57,162,73,NA,0,0,16.1,56.8,10.66,93.17172264,8.45,6.91,3.54,1.73,67.51,0.96,1.27
2022ORG_Trial,2022,B73*PHG39-B-B-23-1-1-B-B X PHG35*PHG47-B-B-18-1-1-B-B,UIUC114,2019MOB_CONV,NIFABOT19,1030,1,3,13,5/31/2022,10/20/2022,55,61,195,90,NA,0,0,16.5,56.1,9.64,84.90122246,7.79,6.48,4.8,2.03,66.85,1.09,1.24
2022ORG_Trial,2022,17.461,ORG1,2020 Mandaamin,MAN,1029,1,3,15,5/31/2022,10/20/2022,54,59,205,98,NA,0,0,19.7,52.5,12.42,112.4064243,8.18,7.97,5.47,2.59,65.47,1.2,1.18
2022ORG_Trial,2022,PHHB9*PHM49,ILORG0001,2019MOB_ORG,ORGOREI,1028,1,3,17,5/31/2022,10/20/2022,60,64,195,83,NA,0,0,25.1,48.7,13.44,122.3109729,8.03,6.51,3.67,1.89,68.24,1.08,1.26
2022ORG_Trial,2022,LH82*PHG39-B-B-19-1-1-B-BxPHG35*PHG39-B-B-23-1-1-B-B,UIUC307,2019MOB_CONV,NIFABOT20,1027,1,3,19,5/31/2022,10/20/2022,60,65,158,65,NA,0,0,17.8,54.4,6.95,62.13996693,7.74,6.33,3.8,1.73,68.14,1.06,1.28
2022ORG_Trial,2022,B73*PHG39-B-B-53-1-1-B-B X LH82*PHG47-B-B-5-1-1-B-B,UIUC75,2019MOB_CONV,NIFABOT19,1026,1,3,21,5/31/2022,10/20/2022,53,61,178,79,NA,0,0,18.8,53.6,9.41,84.3517619,8.2,6.5,4.37,2.31,67.82,1.15,1.22
2022ORG_Trial,2022,B73*PHG39-B-B-18-1-1-B-B * LH82*PHG47-B-B-18-1-1-B-B-B,UIUC515,19MOB_334 X 13URN100-S:8851,NIFAVAL,1025,1,3,23,5/31/2022,10/20/2022,55,59,179,93,NA,0,0,23,50.1,15.83,143.9617806,7.89,6.16,3.62,1.86,68.83,1.11,1.27
2022ORG_Trial,2022,SHGD_DH_097/LH195,ISU014,17STHL:AnV_I:1200,ISU,1024,1,3,25,5/31/2022,10/20/2022,61,68,190,98,NA,0,0,30.9,46.2,14.52,128.5038039,7.7,6.41,4.21,1.63,68.08,1.09,1.28
2022ORG_Trial,2022,LH82*PH207-B-B-17-1-1-B-BxPH207*PHG47-B-B-13-1-1-B-B,UIUC399,2019MOB_CONV,NIFABOT20,1023,1,3,27,5/31/2022,10/20/2022,54,62,130,55,NA,0,0,14.5,57.7,5.12,44.89247588,7.74,6.54,3.63,1.55,68.42,1.09,1.29
2022ORG_Trial,2022,B73*PHN82,B73*PHN82,ILH1,HIP,1022,1,3,29,5/31/2022,10/20/2022,61,68,171,70,NA,0,0,25.9,48.1,9.77,89.05965137,7.76,6.17,4.24,1.86,68.16,1.07,1.26
2022ORG_Trial,2022,LH244*MO17,LH244*MO17,ILH1,HIP,1021,1,3,31,5/31/2022,10/20/2022,61,68,209,118,NA,0,0,25.7,47.9,14.76,135.473064,7.96,6.17,5.01,2.32,67.15,1.11,1.21
2022ORG_Trial,2022,B73*LH82-B-B-10-1-1-B-B X B73*PHG47-B-B-10-1-1-B-B,UIUC241,2019MOB_CONV,NIFATOP19,1020,1,3,33,5/31/2022,10/20/2022,58,64,187,95,NA,0,0,21.1,51.3,15.4,140.1501782,NA,NA,NA,NA,NA,NA,NA
2022ORG_Trial,2022,B73*PHG39-B-B-16-1-1-B-B X PHG35*PHG47-B-B-1-1-1-B-B,UIUC107,2019MOB_CONV,NIFABOT19,1019,1,3,35,5/31/2022,10/20/2022,58,62,185,80,NA,0,0,21.2,51,12.69,116.0194918,7.9,6.7,4.02,1.94,67.6,1.06,1.25
2022ORG_Trial,2022,PHG39*PHG84,ILORG0009,2019MOB_ORG,ORGOREI,1018,1,3,37,5/31/2022,10/20/2022,61,68,180,81,NA,0,0,27.5,47.7,11.95,107.4733604,7.82,6.88,3.84,1.58,67.94,1.05,1.28
2022ORG_Trial,2022,PHJ89*PH207,PHJ89*PH207,ILH1,HIP,1035,1,4,5,5/31/2022,10/20/2022,50,55,164,71,NA,0,4,15.1,57.9,9.2,79.82340497,8.12,6.55,3.8,1.84,68.22,1.06,1.26
2022ORG_Trial,2022,B73*PHG39-B-B-25-1-1-B-B X PHG35*PHG47-B-B-20-1-1-B-B,UIUC116,2019MOB_CONV,NIFABOT19,1036,1,4,7,5/31/2022,10/20/2022,57,62,175,80,NA,0,4,22.6,50.2,9.86,89.95544449,7.87,6.57,4.13,1.99,67.28,1.05,1.25
2022ORG_Trial,2022,PHG35*PHG47-B-B-21-1-1-B-B * B73*PHG39-B-B-18-1-1-B-B,UIUC523,19MOB_334 X 19MOB_259,NIFAVAL,1037,1,4,9,5/31/2022,10/20/2022,60,64,188,95,NA,0,0,19.6,53,13.13,117.8577649,7.74,5.85,4.23,2.07,68.26,1.06,1.24
2022ORG_Trial,2022,LH82*PHG35-B-B-30-1-1-B-B * B73*PHG39-B-B-18-1-1-B-B,UIUC524,19MOB_334 X 19MOB_590,NIFAVAL,1038,1,4,11,5/31/2022,10/20/2022,58,63,176,89,NA,0,0,25.1,49,12.2,110.3465765,7.95,6.23,3.34,1.42,68.94,1.01,1.3
2022ORG_Trial,2022,SHGD_DH_243/LH195,ISU015,17STHL:AnV_I:1334,ISU,1039,1,4,13,5/31/2022,10/20/2022,59,63,187,91,NA,0,0,28.2,47.2,10.93,98.38205797,7.15,6.88,3.3,1.25,68.65,1.06,1.32
2022ORG_Trial,2022,BR 59H44,CHECK3,Blue River Hybrids,Check,1040,1,4,15,5/31/2022,10/20/2022,61,65,215,110,NA,0,0,20.4,51.5,11.67,106.7308554,7.48,6.03,4.06,1.83,68.52,1.13,1.26
2022ORG_Trial,2022,B73*PHG39-B-B-4-1-1-B-BxPH207*PHG47-B-B-4-1-1-B-B,UIUC99,2019MOB_CONV,NIFATOP20,1041,1,4,17,5/31/2022,10/20/2022,58,63,211,110,NA,0,0,20.5,51.8,13.13,119.2381942,8.02,6.56,4.25,1.77,68.06,1.08,1.27
2022ORG_Trial,2022,B73*PHG35-B-B-26-1-1-B-BxPHG39*PHG47-B-B-7-1-1-B-B,UIUC369,2019MOB_CONV,NIFATOP20,1042,1,4,19,5/31/2022,10/20/2022,61,65,181,84,NA,0,1,16.7,55.7,12.43,109.9953258,8.55,6.49,4.7,2.2,66.8,1.06,1.23
2022ORG_Trial,2022,LH82*PH207-B-B-18-1-1-B-BxPH207*PHG47-B-B-15-1-1-B-B,UIUC400,2019MOB_CONV,NIFABOT20,1043,1,4,21,5/31/2022,10/20/2022,50,55,133,67,NA,0,1,16,57.1,8.2,71.37897802,7.83,7.79,3.89,1.45,66.67,1.16,1.3
2022ORG_Trial,2022,PHJ40*PHAJ0,PHJ40*PHAJ0,ILH1,HIP,1044,1,4,23,5/31/2022,10/20/2022,48,52,158,61,NA,0,3,12.7,60.5,8.01,68.3919018,8.09,7.95,3.33,1.34,66.98,1.06,1.31
2022ORG_Trial,2022,LH195*PHN82,LH195*PHN82,ILH1,HIP,1045,1,4,25,5/31/2022,10/20/2022,61,65,162,72,NA,0,1,29.5,46.9,14.77,131.3741941,7.53,6.71,3.64,1.45,68.22,1.1,1.3
2022ORG_Trial,2022,LH195*MO17,LH195*MO17,ILH1,HIP,1046,1,4,27,5/31/2022,10/20/2022,64,69,174,65,NA,0,0,32.8,46,11.37,98.2845382,7.98,6.15,4.44,2.31,67.92,1.11,1.22
2022ORG_Trial,2022,434/H51,MNT1,2020 Montigomery ,MONT,1047,1,4,29,5/31/2022,10/20/2022,61,65,195,95,NA,0,0,30.1,46.5,10.17,90.4603932,NA,NA,NA,NA,NA,NA,NA
2022ORG_Trial,2022,B73*PHG84,ILORG0010,2019MOB_ORG,ORGOREI,1048,1,4,31,5/31/2022,10/20/2022,61,67,177,73,NA,0,1,27,47.6,15.95,144.7404406,7.47,6.39,4.28,1.7,68.46,1.09,1.27
2022ORG_Trial,2022,B73*PHG39-B-B-3-1-1-B-B X PH207*PHG47-B-B-3-1-1-B-B,UIUC97,2019MOB_CONV,NIFABOT19,1049,1,4,33,5/31/2022,10/20/2022,58,64,107,83,NA,0,0,18.1,54.2,15.11,135.1021856,7.85,7.46,4.52,1.54,66.85,1.13,1.28
2022ORG_Trial,2022,B73*PHG39-B-B-23-1-1-B-B X PH207*PHG47-B-B-20-1-1-B-B,UIUC88,2019MOB_CONV,NIFABOT19,1050,1,4,35,5/31/2022,10/20/2022,59,64,191,87,NA,0,1,17.6,54.5,15.9,142.2463493,8.01,6.97,4.46,1.76,67.83,1.16,1.27
2022ORG_Trial,2022,LH244*PHK76,LH244*PHK76,ILH1,HIP,1051,1,4,37,5/31/2022,10/20/2022,57,64,197,100,NA,0,0,20.1,52.3,17.3,156.3883829,7.78,6.06,4.16,1.73,68.15,1.12,1.27
2022ORG_Trial,2022,LH82*PHG35-B-B-27-1-1-B-B * B73*PH207-B-B-12-1-1-B-B,UIUC528,19MOB_875 X 19MOB_425,NIFAVAL,1068,1,5,5,5/31/2022,10/20/2022,53,61,195,92,NA,0,0,17.7,54.9,7.58,67.23725763,8.15,6.03,3.79,1.71,68.82,1.08,1.28
2022ORG_Trial,2022,PHRE1*PHTD5,PHRE1*PHTD5,ILH1,HIP,1067,1,5,7,5/31/2022,10/20/2022,48,52,207,108,NA,0,0,13.4,59.9,9.23,78.9598048,NA,NA,NA,NA,NA,NA,NA
2022ORG_Trial,2022,PHG39*PHZ51,ILORG0015,2019MOB_ORG,ORGOREI,1066,1,5,9,5/31/2022,10/20/2022,61,64,201,103,NA,0,1,20.3,52,13.3,120.6201639,7.88,6.88,3.52,2,68.02,1.05,1.25
2022ORG_Trial,2022,TX714*PHZ51,TX714*PHZ51,ILH1,HIP,1065,1,5,11,5/31/2022,10/20/2022,62,67,179,73,NA,0,0,25.4,48.5,9.15,83.27822851,7.99,6.16,4.64,1.92,67.69,1.06,1.25
2022ORG_Trial,2022,B73*PHG39-B-B-66-1-1-B-B X PH207*PHG47-B-B-29-1-1-B-B,UIUC202,2019MOB_CONV,NIFATOP19,1064,1,5,13,5/31/2022,10/20/2022,57,62,190,81,NA,0,0,18.3,53.9,10.07,90.31836296,7.65,6.52,4.83,2.38,66.82,1.15,1.21
2022ORG_Trial,2022,[B73/B89)-013-1/2/B84/B89)-037-1]02)-05-03-01-01-01-B-B-B-B-01///OH 622:4366)-01I01,ISU013,19SJWE:BREED:23018/23016 B,ISU,1063,1,5,15,5/31/2022,10/20/2022,60,63,169,85,NA,0,0,20.7,51.7,16.55,150.2083023,7.2,6.55,3.95,2.02,68.32,1.08,1.25
2022ORG_Trial,2022,B73*PH207-B-B-12-1-1-B-B * PHG35*PHG47-B-B-28-1-1-B-B,UIUC500,19MOB_875 X 19MOB_687,NIFAVAL,1062,1,5,17,5/31/2022,10/20/2022,58,62,172,92,NA,0,1,24.2,49.2,17.42,158.8055034,7.4,6.77,3.27,1.48,68.51,1.07,1.29
2022ORG_Trial,2022,LH145*LH82,LH145*LH82,ILH1,HIP,1061,1,5,19,5/31/2022,10/20/2022,50,55,146,85,NA,0,15,14.9,58.3,9.35,80.75806632,7.42,7.27,3.66,1.46,68.02,1.1,1.3
2022ORG_Trial,2022,PHHB9*PHZ51,ILORG0004,2019MOB_ORG,ORGOREI,1060,1,5,21,5/31/2022,10/20/2022,61,64,195,80,NA,0,0,21.6,51,15.75,143.2648799,7.8,6.37,3.99,2.02,68.39,1.12,1.24
2022ORG_Trial,2022,LH82*PH207-B-B-22-1-1-B-BxPH207*PHG47-B-B-21-1-1-B-B,UIUC349,2019MOB_CONV,NIFABOT20,1059,1,5,23,5/31/2022,10/20/2022,52,58,153,80,NA,0,0,13.1,59.9,9.23,79.23333761,7.51,7.77,4.03,1.62,66.78,1.15,1.28
2022ORG_Trial,2022,B73*PH207,ILORG0011,2019MOB_ORG,ORGOREI,1058,1,5,25,5/31/2022,10/20/2022,54,62,190,104,NA,0,0,20.6,51.7,13.62,123.7714168,7.53,7.46,4.4,1.42,66.15,1.07,1.3
2022ORG_Trial,2022,B73*PHG39-B-B-21-1-1-B-BxLH82*PHG35-B-B-15-1-1-B-B,UIUC31,2019MOB_CONV,NIFATOP20,1057,1,5,27,5/31/2022,10/20/2022,63,69,198,105,NA,0,0,29.5,46.8,12.54,111.7774238,7.945,6.8775,3.73,1.73,67.545,1.0375,1.2725
2022ORG_Trial,2022,Viking 0.51-04GS-P,CHECK2,Viking,Check,1056,1,5,29,5/31/2022,10/20/2022,61,64,175,84,NA,0,0,20.8,51.2,13.9,127.2281805,7.74,6.5,4.88,1.87,67.52,1.19,1.25
2022ORG_Trial,2022,PHW52*Q381,ILORG0008,2019MOB_ORG,ORGOREI,1055,1,5,31,5/31/2022,10/20/2022,52,55,215,105,NA,0,0,19.9,52.6,17.47,157.417486,7.81,8.33,3.7,1.56,66.79,1.13,1.29
2022ORG_Trial,2022,PHB47*MO17,PHB47*MO17,ILH1,HIP,1054,1,5,33,5/31/2022,10/20/2022,58,63,218,99,NA,0,0,19.7,52.5,18.27,165.3514793,8.26,8.15,4.2,1.76,66.05,1.13,1.27
2022ORG_Trial,2022,B73*MO17,B73*MO17,ILH1,HIP,1053,1,5,35,5/31/2022,10/20/2022,62,66,150,71,NA,0,30,25.8,47.9,19.86,182.0375289,8.07,6.79,3.82,1.99,68.17,1.1,1.25
2022ORG_Trial,2022,PHB47*PHZ51,PHB47*PHZ51,ILH1,HIP,1052,1,5,37,5/31/2022,10/20/2022,58,64,175,85,NA,0,0,15.8,57,16.64,145.4466937,7.84,7.75,3.76,1.56,67.09,1.06,1.28
2022ORG_Trial,2022,B73*LH82,ILORG0016,2019MOB_ORG,ORGOREI,1069,1,6,5,5/31/2022,10/20/2022,58,63,187,87,NA,0,1,23,49.9,9.86,90.02857787,8.14,5.78,4.98,2.08,67.16,1.1,1.23
2022ORG_Trial,2022,PHG39*LH82,ILORG0017,2019MOB_ORG,ORGOREI,1070,1,6,7,5/31/2022,10/20/2022,55,59,165,78,NA,0,0,18.9,53.8,15.02,133.9743956,8.05,7.05,3.84,1.57,67.15,1.04,1.29
2022ORG_Trial,2022,B73*LH82-B-B-18-1-1-B-BxB73*PHG47-B-B-13-1-1-B-B,UIUC244,2019MOB_CONV,NIFABOT20,1071,1,6,9,5/31/2022,10/20/2022,57,63,177,84,NA,0,0,15.7,57.5,11.47,99.50306149,7.14,7.04,4.42,1.48,67.29,1.11,1.29
2022ORG_Trial,2022,B73*LH82-B-B-5-1-1-B-B X B73*PHG35-B-B-4-1-1-B-B,UIUC236,2019MOB_CONV,NIFATOP19,1072,1,6,11,5/31/2022,10/20/2022,61,66,167,92,NA,0,0,20.9,51.4,10.47,95.33960353,8.15,6.52,4.36,1.91,67.12,1.04,1.25
2022ORG_Trial,2022,B73*PHG39-B-B-18-1-1-B-BxLH82*PHG47-B-B-12-1-1-B-B,UIUC53,2019MOB_CONV,NIFATOP20,1073,1,6,13,5/31/2022,10/20/2022,58,63,176,95,NA,0,1,19.4,53.3,12.8,114.5331217,7.41,6.84,3.64,1.26,68.62,1.05,1.32
2022ORG_Trial,2022,B73*PHG39-B-B-61-1-1-B-B X PHG35*PHG47-B-B-20-1-1-B-B,UIUC214,2019MOB_CONV,NIFATOP19,1074,1,6,15,5/31/2022,10/20/2022,55,62,207,102,NA,0,2,19.6,52.9,16.24,146.049373,7.57,7.57,3.69,1.57,66.65,1.03,1.29
2022ORG_Trial,2022,B73*PHG39-B-B-20-1-1-B-B X PHG35*PHG47-B-B-14-1-1-B-B,UIUC110,2019MOB_CONV,NIFABOT19,1075,1,6,17,5/31/2022,10/20/2022,60,63,175,83,NA,0,0,19.6,52.8,14.85,133.8017751,7.87,6.41,3.37,1.7,68.24,1.04,1.27
2022ORG_Trial,2022,PHG35*PHG47-B-B-28-1-1-B-B * B73*PHG39-B-B-8-1-1-B-B,UIUC526,19MOB_333 X 19MOB_687,NIFAVAL,1076,1,6,19,5/31/2022,10/20/2022,60,63,188,83,NA,0,0,27.4,47.6,16.41,148.0988017,7.9,6.7,3.27,1.65,68.26,1,1.28
2022ORG_Trial,2022,PHG35*PHG47-B-B-9-1-1-B-B * B73*PH207-B-B-20-1-1-B-B,UIUC539,19MOB_774 X 19MOB_678,NIFAVAL,1077,1,6,21,5/31/2022,10/20/2022,60,65,194,80,NA,0,0,26.6,47.7,17.74,161.5268009,7.59,6.79,4.52,2,67.27,1.2,1.25
2022ORG_Trial,2022,PHB47*PHK76,PHB47*PHK76,ILH1,HIP,1078,1,6,23,5/31/2022,10/20/2022,54,57,154,92,NA,0,0,15,58.1,11.98,103.7081547,8.24,7.27,3.54,1.68,66.54,1.02,1.28
2022ORG_Trial,2022,59R5,CHECK1,great harvest,Check,1079,1,6,25,5/31/2022,10/20/2022,55,58,190,79,NA,0,0,20.6,51.8,13.19,119.632405,8.02,6.3,3.47,1.72,68.74,1.01,1.27
2022ORG_Trial,2022,B73*PH207-B-B-9-1-1-B-BxPHG35*PHG39-B-B-30-1-1-B-B,UIUC295,2019MOB_CONV,NIFATOP20,1080,1,6,27,5/31/2022,10/20/2022,61,65,210,87,NA,0,0,21.3,51,11.75,107.2891287,7.65,6.61,3.63,1.89,68.43,1.1,1.26
2022ORG_Trial,2022,LH244*PHN82,LH244*PHN82,ILH1,HIP,1081,1,6,29,5/31/2022,10/20/2022,59,64,180,75,NA,0,0,24.6,49,13.41,122.100471,7.3,5.98,3.15,1.79,70.03,1.1,1.28
2022ORG_Trial,2022,B73*PHG39-B-B-30-1-1-B-B X PHG35*PHG47-B-B-24-1-1-B-B,UIUC121,2019MOB_CONV,NIFABOT19,1082,1,6,31,5/31/2022,10/20/2022,55,59,191,93,NA,0,0,17.7,54.4,17.82,159.5224939,7.84,7.48,4.14,1.79,66.72,1.04,1.26
2022ORG_Trial,2022,PHHB9*PHW30,ILORG0003,2019MOB_ORG,ORGOREI,1083,1,6,33,5/31/2022,10/20/2022,59,63,213,109,NA,0,0,23.3,49.8,22.83,208.0583874,7.88,7.25,4.16,1.74,67.58,1.15,1.27
2022ORG_Trial,2022,17.2B24,ORG4,2020 Mandaamin,MAN,1084,1,6,35,5/31/2022,10/20/2022,59,64,195,100,NA,0,0,26,47.6,16.87,155.1862165,8.4,8.03,5.81,2.65,64.5,1.24,1.18
2022ORG_Trial,2022,B73*PHG39-B-B-24-1-1-B-B X PH207*PHG47-B-B-21-1-1-B-B,UIUC89,2019MOB_CONV,NIFABOT19,1085,1,6,37,5/31/2022,10/20/2022,57,62,213,116,NA,0,0,16,56.6,15.26,134.0079871,7.48,8.11,4.73,1.43,66.17,1.18,1.29
2022ORG_Trial,2022,LH82*PHG39-B-B-19-1-1-B-BxPHG39*PHG47-B-B-19-1-1-B-B,UIUC333,2019MOB_CONV,NIFABOT20,1100,1,7,9,5/31/2022,10/20/2022,61,68,173,74,NA,0,0,19.3,53.4,10.78,96.39718104,7.82,7.2,4.14,1.7,67.71,1.14,1.28
2022ORG_Trial,2022,[B73/B89)-013-1/2/B84/B89)-037-1]02)-05-03-01-01-01-B-B-B-B-01///B131I01,ISU012,19SJWE:BREED:21018/21016 B,ISU,1099,1,7,11,5/31/2022,10/20/2022,60,63,186,86,NA,0,3,23.7,49.7,14.05,127.6314693,8,6.74,4.35,1.48,67.41,1.1,1.29
2022ORG_Trial,2022,LH244*PHZ51,LH244*PHZ51,ILH1,HIP,1098,1,7,13,5/31/2022,10/20/2022,59,63,197,81,NA,0,1,22.6,50.2,11.01,100.4472053,7.67,5.96,4.34,2.09,68.41,1.09,1.24
2022ORG_Trial,2022,B73*PHG47,ILORG0012,2019MOB_ORG,ORGOREI,1097,1,7,15,5/31/2022,10/20/2022,58,63,181,73,NA,0,0,19.5,52.8,15.35,138.4789089,7.85,6.6,4.14,1.85,67.98,1.1,1.26
2022ORG_Trial,2022,LH195*PHZ51,LH195*PHZ51,ILH1,HIP,1096,1,7,17,5/31/2022,10/20/2022,62,68,202,92,NA,0,1,25,48.7,18.25,166.30621,8,6.51,4.47,1.6,67.63,1.13,1.28
2022ORG_Trial,2022,B73*PHG39-B-B-58-1-1-B-BxLH82*PHG35-B-B-21-1-1-B-B,UIUC160,2019MOB_CONV,NIFATOP20,1095,1,7,19,5/31/2022,10/20/2022,58,63,167,73,NA,0,2,25,48.6,16.47,150.3944773,7.82,6.51,3.3,1.91,68.96,1.06,1.26
2022ORG_Trial,2022,PHG39*PHG47,ILORG0014,2019MOB_ORG,ORGOREI,1094,1,7,21,5/31/2022,10/20/2022,62,66,170,70,NA,0,1,21.6,51,13.18,119.88769,8.09,7.81,4,1.71,66.28,1.09,1.27
2022ORG_Trial,2022,LH82*PH207-B-B-12-1-1-B-BxPH207*PHG47-B-B-11-1-1-B-B,UIUC396,2019MOB_CONV,NIFABOT20,1093,1,7,23,5/31/2022,10/20/2022,62,73,147,66,NA,0,2,13.9,56.6,2.53,22.77301524,8.36,8.76,3.8,1.23,65.37,1.04,1.31
2022ORG_Trial,2022,LH195*PHK76,LH195*PHK76,ILH1,HIP,1092,1,7,25,5/31/2022,10/20/2022,61,63,82,82,NA,0,1,22.7,50.4,16.46,149.3798723,7.84,6.9,3.73,1.34,67.67,1.09,1.31
2022ORG_Trial,2022,B73*PHG39-B-B-25-1-1-B-BxLH82*PH207-B-B-24-1-1-B-B,UIUC12,2019MOB_CONV,NIFATOP20,1091,1,7,27,5/31/2022,10/20/2022,61,64,198,99,NA,0,0,22.9,49.9,12.72,116.2931781,7.71,6.69,3.61,1.76,68.41,1.07,1.27
2022ORG_Trial,2022,PHG29*PHG47,PHG29*PHG47,ILH1,HIP,1090,1,7,29,5/31/2022,10/20/2022,53,57,174,90,NA,0,0,14.9,58.1,14.55,126.1042479,7.61,6.64,4.63,1.61,67.69,1.17,1.28
2022ORG_Trial,2022,B73*PHG39-B-B-63-1-1-B-B * PHG35*PHG47-B-B-12-1-1-B-B,UIUC518,2020PR_175-1 X 19MOB_521,NIFAVAL,1089,1,7,31,5/31/2022,10/20/2022,57,60,203,95,NA,0,1,19.7,52.4,20.84,188.9710466,7.57,6.82,3.64,1.96,68.43,1.12,1.25
2022ORG_Trial,2022,B73*LH82-B-B-3-1-1-B-B X B73*PHG47-B-B-25-1-1-B-B,UIUC256,2019MOB_CONV,NIFATOP19,1088,1,7,33,5/31/2022,10/20/2022,56,62,166,85,NA,0,0,18.3,53.9,17.52,157.1378072,7.75,7.51,3.3,1.5,68.38,1.11,1.3
2022ORG_Trial,2022,LH82*PH207-B-B-29-1-1-B-B X PHG35*PHG47-B-B-24-1-1-B-B,UIUC388,2019MOB_CONV,NIFATOP19,1087,1,7,35,5/31/2022,10/20/2022,59,63,154,89,NA,0,0,17,55.3,15.51,137.7457012,7.54,7.14,3.59,1.68,68.43,1.14,1.28
2022ORG_Trial,2022,B73*PHG35-B-B-6-1-1-B-BxPHG39*PHG47-B-B-4-1-1-B-B,UIUC366,2019MOB_CONV,NIFATOP20,1086,1,7,37,5/31/2022,10/20/2022,58,64,197,72,NA,0,2,19.3,52.8,19.84,179.429801,7.62,7.57,3.94,1.62,67.38,1.13,1.28
2022ORG_Trial,2022,PHG29*PHG47,PHG29*PHG47,ILH1,HIP,1101,2,8,5,5/31/2022,10/20/2022,52,56,150,70,NA,0,10,12.9,60.4,11.59,98.89582272,7.74,6.47,4.49,1.7,67.84,1.12,1.27
2022ORG_Trial,2022,PHB47*PHN82,PHB47*PHN82,ILH1,HIP,1102,2,8,7,5/31/2022,10/20/2022,57,60,182,77,NA,0,0,18,54.7,12.31,109.1937735,8.03,7.33,3.43,1.38,67.39,1,1.31
2022ORG_Trial,2022,PHHB9*PHW30,ILORG0003,2019MOB_ORG,ORGOREI,1103,2,8,9,5/31/2022,10/20/2022,60,63,184,82,NA,0,0,20.4,52.2,16.28,146.8960983,7.92,6.55,3.89,1.7,68.44,1.07,1.27
2022ORG_Trial,2022,BR 59H44,CHECK3,Blue River Hybrids,Check,1104,2,8,11,5/31/2022,10/20/2022,61,63,202,93,NA,0,1,18.8,53.4,9.12,82.05837378,7.75,6.31,4.29,1.73,67.81,1.1,1.27
2022ORG_Trial,2022,PHW52*LH185,ILORG0007,2019MOB_ORG,ORGOREI,1105,2,8,13,5/31/2022,10/20/2022,61,66,186,77,NA,0,0,25,48.9,12.49,113.3517261,7.96,6.57,3.72,1.95,68.09,1.04,1.25
2022ORG_Trial,2022,TX714*PHZ51,TX714*PHZ51,ILH1,HIP,1106,2,8,15,5/31/2022,10/20/2022,61,65,216,112,NA,0,0,25.8,48.3,9.9,89.99228197,7.85,7.23,3.48,1.57,68.11,1.05,1.29
2022ORG_Trial,2022,LH82*PH207-B-B-22-1-1-B-BxPH207*PHG47-B-B-21-1-1-B-B,UIUC349,2019MOB_CONV,NIFABOT20,1107,2,8,17,5/31/2022,10/20/2022,52,56,154,74,NA,0,5,13.4,59.7,7.86,67.46513633,7.72,8.26,3.97,1.44,66.44,1.15,1.3
2022ORG_Trial,2022,LH244*PHZ51,LH244*PHZ51,ILH1,HIP,1108,2,8,19,5/31/2022,10/20/2022,61,66,205,91,NA,0,0,24.8,48.4,10.79,99.19898284,NA,NA,NA,NA,NA,NA,NA
2022ORG_Trial,2022,LH244*PHN82,LH244*PHN82,ILH1,HIP,1109,2,8,21,5/31/2022,10/20/2022,61,65,180,83,NA,0,0,25.2,48.6,13.34,121.4882996,7.53,6.27,3.52,1.73,68.75,1.11,1.28
2022ORG_Trial,2022,LH82*PHG39-B-B-19-1-1-B-BxPHG35*PHG39-B-B-23-1-1-B-B,UIUC307,2019MOB_CONV,NIFABOT20,1110,2,8,23,5/31/2022,10/20/2022,59,66,175,75,NA,0,3,19.2,53,7.75,69.91180083,7.7,7.38,3.75,1.56,67.31,1.09,1.29
2022ORG_Trial,2022,B73*PHG39-B-B-23-1-1-B-B X PH207*PHG47-B-B-20-1-1-B-B,UIUC88,2019MOB_CONV,NIFABOT19,1111,2,8,25,5/31/2022,10/20/2022,57,64,200,77,NA,0,1,16.9,55.3,14.51,129.0198701,7.85,6.3,4.63,1.99,67.78,1.15,1.25
2022ORG_Trial,2022,PHG35*PHG47-B-B-21-1-1-B-B * B73*PHG39-B-B-18-1-1-B-B,UIUC523,19MOB_334 X 19MOB_259,NIFAVAL,1112,2,8,27,5/31/2022,10/20/2022,61,65,177,94,NA,0,0,21.8,50.9,14.03,127.5439718,7.46,6.41,3.29,1.76,68.99,1.01,1.28
2022ORG_Trial,2022,SHGD_DH_243/LH195,ISU015,17STHL:AnV_I:1334,ISU,1113,2,8,29,5/31/2022,10/20/2022,59,63,190,87,NA,0,0,24.5,48.9,13.95,127.4458199,7.45,6.97,3.29,1.19,68.76,1.09,1.32
2022ORG_Trial,2022,PHJ40*PHAJ0,PHJ40*PHAJ0,ILH1,HIP,1114,2,8,31,5/31/2022,10/20/2022,48,52,161,68,NA,0,5,12.7,60.4,8.81,75.34709432,7.94,9.23,3.4,1.28,65.94,1.04,1.31
2022ORG_Trial,2022,LH82*PH207-B-B-17-1-1-B-BxPH207*PHG47-B-B-13-1-1-B-B,UIUC399,2019MOB_CONV,NIFABOT20,1115,2,8,33,5/31/2022,10/20/2022,52,59,155,44,NA,0,0,15.2,57.7,9.56,83.13640233,7.72,7.83,4.14,1.49,66.97,1.17,1.29
2022ORG_Trial,2022,PHHB9*Q381,ILORG0005,2019MOB_ORG,ORGOREI,1116,2,8,35,5/31/2022,10/20/2022,52,56,180,96,NA,0,0,22,50.9,18.76,170.1072994,7.95,7.75,4.25,1.59,66.79,1.16,1.28
2022ORG_Trial,2022,B73*PH207-B-B-9-1-1-B-BxPHG35*PHG39-B-B-30-1-1-B-B,UIUC295,2019MOB_CONV,NIFATOP20,1117,2,8,37,5/31/2022,10/20/2022,60,63,215,97,NA,0,0,21.5,50.9,18.79,171.4715011,7.57,7.42,3.37,1.6,68.14,1.09,1.28
2022ORG_Trial,2022,B73*MO17,B73*MO17,ILH1,HIP,1134,2,9,5,5/31/2022,10/20/2022,62,67,195,97,NA,0,0,24.3,48.9,12.42,113.7684684,8.12,5.98,4,2.19,68.18,1.01,1.23
2022ORG_Trial,2022,B73*PHG39-B-B-20-1-1-B-B X PHG35*PHG47-B-B-14-1-1-B-B,UIUC110,2019MOB_CONV,NIFABOT19,1133,2,9,7,5/31/2022,10/20/2022,62,65,211,107,NA,0,0,16.8,55.9,14.05,123.7374432,7.69,6.6,2.92,1.7,68.66,1.02,1.28
2022ORG_Trial,2022,B73*PHG39-B-B-24-1-1-B-B X PH207*PHG47-B-B-21-1-1-B-B,UIUC89,2019MOB_CONV,NIFABOT19,1132,2,9,9,5/31/2022,10/20/2022,54,62,190,111,NA,0,0,13.8,59.4,11.64,99.95098918,7.87,7,4.67,1.76,66.8,1.13,1.27
2022ORG_Trial,2022,B73*PHG47,ILORG0012,2019MOB_ORG,ORGOREI,1131,2,9,11,5/31/2022,10/20/2022,59,63,175,79,NA,0,0,20,52.1,14.17,128.7464934,7.88,6.27,4.39,2.09,68.07,1.09,1.24
2022ORG_Trial,2022,B73*PH207-B-B-17-1-1-B-BxB73*PHG47-B-B-13-1-1-B-B,UIUC265,2019MOB_CONV,NIFABOT20,1130,2,9,13,5/31/2022,10/20/2022,53,62,158,56,NA,0,0,15.8,56.8,5.92,51.92766064,7.12,6.56,4.45,1.67,67.97,1.15,1.27
2022ORG_Trial,2022,PHB47*MO17,PHB47*MO17,ILH1,HIP,1129,2,9,15,5/31/2022,10/20/2022,59,63,186,90,NA,0,1,19.9,52.4,14.16,128.0789557,8.02,7.51,4,1.92,66.06,0.98,1.26
2022ORG_Trial,2022,B73*PHG35-B-B-6-1-1-B-BxPHG39*PHG47-B-B-4-1-1-B-B,UIUC366,2019MOB_CONV,NIFATOP20,1128,2,9,17,5/31/2022,10/20/2022,59,63,185,76,NA,0,0,18.8,53.5,14.75,132.4669579,7.93,6.95,4.23,2,67.21,1.14,1.24
2022ORG_Trial,2022,434/H51,MNT1,2020 Montigomery ,MONT,1127,2,9,19,5/31/2022,10/20/2022,62,67,175,74,NA,0,0,28.5,46.9,13.31,120.0672462,7.85,6.99,3.18,1.54,68.09,1.06,1.29
2022ORG_Trial,2022,LH82*PHG35-B-B-30-1-1-B-B * B73*PHG39-B-B-18-1-1-B-B,UIUC524,19MOB_334 X 19MOB_590,NIFAVAL,1126,2,9,21,5/31/2022,10/20/2022,58,63,160,76,NA,0,0,23.4,50.1,16.22,146.7422551,7.72,6.7,3.8,1.52,68.3,1.09,1.29
2022ORG_Trial,2022,LH82*PH207-B-B-1-1-1-B-BxPH207*PHG47-B-B-10-1-1-B-B,UIUC395,2019MOB_CONV,NIFABOT20,1125,2,9,23,5/31/2022,10/20/2022,52,58,153,58,NA,0,5,14.9,58.3,9.69,83.69472327,7.56,7.54,4.34,1.61,66.74,1.21,1.28
2022ORG_Trial,2022,LH244*MO17,LH244*MO17,ILH1,HIP,1124,2,9,25,5/31/2022,10/20/2022,62,67,198,92,NA,0,0,25.8,48.3,15.81,143.7149473,7.93,6.36,4.18,2.09,68.07,1.06,1.24
2022ORG_Trial,2022,PHHB9*PHR63,ILORG0002,2019MOB_ORG,ORGOREI,1123,2,9,27,5/31/2022,10/20/2022,61,64,179,87,NA,0,0,27.4,47.6,13.17,118.8580876,7.22,6.73,3.78,1.82,68.19,1.08,1.27
2022ORG_Trial,2022,B73*PHG39-B-B-21-1-1-B-BxLH82*PHG35-B-B-15-1-1-B-B,UIUC31,2019MOB_CONV,NIFATOP20,1122,2,9,29,5/31/2022,10/20/2022,62,66,194,111,NA,0,0,23.9,49.5,14.04,127.7202797,7.6,7.01,4.07,1.7,67.67,1.1,1.27
2022ORG_Trial,2022,B73*PHG39-B-B-66-1-1-B-B X PH207*PHG47-B-B-29-1-1-B-B,UIUC202,2019MOB_CONV,NIFATOP19,1121,2,9,31,5/31/2022,10/20/2022,53,58,181,81,NA,0,1,17,55,13.53,120.816568,6.97,7.26,4.96,2.14,66.4,1.26,1.23
2022ORG_Trial,2022,B73*PHG39-B-B-4-1-1-B-BxPH207*PHG47-B-B-4-1-1-B-B,UIUC99,2019MOB_CONV,NIFATOP20,1120,2,9,33,5/31/2022,10/20/2022,61,65,224,95,NA,0,0,20.9,51.4,13.23,120.4721065,7.58,8.22,4.25,1.53,66.68,1.17,1.28
2022ORG_Trial,2022,PHP38*Q381,ILORG0006,2019MOB_ORG,ORGOREI,1119,2,9,35,5/31/2022,10/20/2022,52,58,186,92,NA,0,0,18.5,54.2,15.22,135.4210791,7.77,7.8,3.79,1.47,66.96,1.11,1.29
2022ORG_Trial,2022,PHG39*PHZ51,ILORG0015,2019MOB_ORG,ORGOREI,1118,2,9,37,5/31/2022,10/20/2022,62,65,223,87,NA,0,0,22.3,50.5,19.06,173.52651,7.58,7.92,3.19,1.7,68.26,1.1,1.28
2022ORG_Trial,2022,PHHB9*PHZ51,ILORG0004,2019MOB_ORG,ORGOREI,1135,2,10,5,5/31/2022,10/20/2022,61,64,200,102,NA,0,0,21.1,51.3,12.32,112.1201426,7.73,6.25,3.93,2.14,68.46,1.11,1.23
2022ORG_Trial,2022,B73*PHK76,B73*PHK76,ILH1,HIP,1136,2,10,7,5/31/2022,10/20/2022,58,61,194,97,NA,0,0,18.8,54,15.58,138.6254657,7.69,5.78,4.31,1.71,68.34,1.08,1.27
2022ORG_Trial,2022,B73*PH207-B-B-12-1-1-B-B * PHG35*PHG47-B-B-28-1-1-B-B,UIUC500,19MOB_875 X 19MOB_687,NIFAVAL,1137,2,10,9,5/31/2022,10/20/2022,59,63,183,83,NA,0,0,20.2,52.1,13.16,119.2708605,7.66,6.63,3.28,1.6,68.57,1.02,1.29
2022ORG_Trial,2022,PHG39*PHG84,ILORG0009,2019MOB_ORG,ORGOREI,1138,2,10,11,5/31/2022,10/20/2022,62,68,169,66,NA,0,0,20.6,51.9,10.92,98.85282348,7.83,6.33,3.57,1.7,68.97,1.01,1.27
2022ORG_Trial,2022,B73*LH82-B-B-13-1-1-B-B X B73*PHG35-B-B-14-1-1-B-B,UIUC222,2019MOB_CONV,NIFATOP19,1139,2,10,13,5/31/2022,10/20/2022,62,67,158,73,NA,0,0,23.2,50,7.27,66.07526627,7.62,7.45,3.28,1.33,67.98,1.03,1.31
2022ORG_Trial,2022,LH145*LH82,LH145*LH82,ILH1,HIP,1140,2,10,15,5/31/2022,10/20/2022,50,55,157,81,NA,0,3,15.2,58,12.41,107.3625791,7.56,6.53,3.36,1.73,68.86,1.1,1.28
2022ORG_Trial,2022,LH195*PHZ51,LH195*PHZ51,ILH1,HIP,1141,2,10,17,5/31/2022,10/20/2022,62,67,206,102,NA,0,0,26.2,48.1,14.83,134.6374048,7.65,6.97,4.33,1.65,67.33,1.15,1.27
2022ORG_Trial,2022,PHB47*PHK76,PHB47*PHK76,ILH1,HIP,1142,2,10,19,5/31/2022,10/20/2022,57,60,191,89,NA,0,0,16.6,56.1,10.87,95.61940322,7.91,7.52,3.48,1.68,67.09,1.06,1.28
2022ORG_Trial,2022,B73*PHG84,ILORG0010,2019MOB_ORG,ORGOREI,1143,2,10,21,5/31/2022,10/20/2022,61,64,200,92,NA,0,0,26.2,48,13.31,121.089497,7.44,6.26,4.46,1.92,68.09,1.15,1.25
2022ORG_Trial,2022,B73*LH82-B-B-10-1-1-B-B X B73*PHG47-B-B-10-1-1-B-B,UIUC241,2019MOB_CONV,NIFATOP19,1144,2,10,23,5/31/2022,10/20/2022,62,67,177,75,NA,0,0,23.4,49.6,12.9,117.8827066,7.93,6.73,4.16,1.64,67.51,1.07,1.28
2022ORG_Trial,2022,B73*PHG39-B-B-18-1-1-B-BxLH82*PHG47-B-B-12-1-1-B-B,UIUC53,2019MOB_CONV,NIFATOP20,1145,2,10,25,5/31/2022,10/20/2022,58,64,166,88,NA,0,0,19.6,53,15.33,137.6054483,7.64,6.62,3.73,1.42,68.94,1.09,1.3
2022ORG_Trial,2022,B73*PHZ51,B73*PHZ51,ILH1,HIP,1146,2,10,27,5/31/2022,10/20/2022,61,65,210,94,NA,0,0,24.3,48.9,11.35,103.9671592,7.89,6.03,4.58,2.11,67.83,1.09,1.23
2022ORG_Trial,2022,PHW52*Q381,ILORG0008,2019MOB_ORG,ORGOREI,1147,2,10,29,5/31/2022,10/20/2022,53,61,176,72,NA,0,0,20.8,51.8,10.43,94.36110667,7.65,7.15,3.71,1.8,67.93,1.15,1.27
2022ORG_Trial,2022,SHGD_DH_097/LH195,ISU014,17STHL:AnV_I:1200,ISU,1148,2,10,31,5/31/2022,10/20/2022,61,64,218,112,NA,0,0,28.9,46.8,19.35,173.9474283,8.11,7.98,4.89,1.4,65.99,1.21,1.29
2022ORG_Trial,2022,B73*PHG39-B-B-3-1-1-B-B X PH207*PHG47-B-B-3-1-1-B-B,UIUC97,2019MOB_CONV,NIFABOT19,1149,2,10,33,5/31/2022,10/20/2022,59,63,196,83,NA,0,0,19.5,53,12.85,115.4878866,7.71,8.04,4.22,1.59,66.78,1.18,1.28
2022ORG_Trial,2022,PHG39*PH207,ILORG0013,2019MOB_ORG,ORGOREI,1150,2,10,35,5/31/2022,10/20/2022,57,62,189,84,NA,0,0,20.7,51.9,14.66,132.5418705,7.95,9.1,3.42,1.47,66.01,1.13,1.3
2022ORG_Trial,2022,B73*LH82,ILORG0016,2019MOB_ORG,ORGOREI,1151,2,10,37,5/31/2022,10/20/2022,58,63,185,84,NA,0,0,22.6,50.1,18.4,168.2032385,7.39,6.81,4.19,1.72,67.9,1.16,1.27
2022ORG_Trial,2022,17.461,ORG1,2020 Mandaamin,MAN,1168,2,11,5,5/31/2022,10/20/2022,55,62,168,79,NA,0,0,20.1,52.2,11.09,100.4433336,NA,NA,NA,NA,NA,NA,NA
2022ORG_Trial,2022,LH244*PHK76,LH244*PHK76,ILH1,HIP,1167,2,11,7,5/31/2022,10/20/2022,55,58,195,103,NA,0,0,17.2,55.6,16.53,145.6604657,7.47,6.03,4.61,1.86,67.69,1.08,1.25
2022ORG_Trial,2022,PHRE1*PHTD5,PHRE1*PHTD5,ILH1,HIP,1166,2,11,9,5/31/2022,10/20/2022,50,53,149,75,NA,0,5,13,60.4,9.04,77.04847369,7.86,7.58,3.52,1.61,67.42,1.07,1.29
2022ORG_Trial,2022,[B73/B89)-013-1/2/B84/B89)-037-1]02)-05-03-01-01-01-B-B-B-B-01///B131I01,ISU012,19SJWE:BREED:21018/21016 B,ISU,1165,2,11,11,5/31/2022,10/20/2022,62,65,175,83,NA,0,0,23.1,50,9.82,89.36781065,7.805,6.325,4.24,1.875,67.905,1.085,1.25
2022ORG_Trial,2022,Viking 0.51-04GS-P,CHECK2,Viking,Check,1164,2,11,13,5/31/2022,10/20/2022,62,65,164,73,NA,0,0,23.3,49.5,10.87,99.66278166,7.06,6.37,4.36,2.07,68.06,1.1,1.24
2022ORG_Trial,2022,LH195*PHN82,LH195*PHN82,ILH1,HIP,1163,2,11,15,5/31/2022,10/20/2022,62,65,176,90,NA,0,0,26,48.1,13.74,125.0796541,7.21,6.42,3.22,1.46,69.53,1.1,1.3
2022ORG_Trial,2022,B73*PHG39-B-B-16-1-1-B-B X PHG35*PHG47-B-B-1-1-1-B-B,UIUC107,2019MOB_CONV,NIFABOT19,1162,2,11,17,5/31/2022,10/20/2022,62,65,156,64,NA,0,0,20.5,51.7,12.48,113.5545306,8.09,6.53,3.89,1.88,67.84,1.07,1.26
2022ORG_Trial,2022,LH82*PHG39-B-B-18-1-1-B-B X PHG35*PHG39-B-B-22-1-1-B-B,UIUC306,2019MOB_CONV,NIFABOT19,1161,2,11,19,5/31/2022,10/20/2022,62,66,192,108,NA,0,0,20,52.3,9.08,82.18403159,7.31,7.12,2.65,1.68,69.07,1.05,1.28
2022ORG_Trial,2022,B73*PH207,ILORG0011,2019MOB_ORG,ORGOREI,1160,2,11,21,5/31/2022,10/20/2022,59,64,175,71,NA,0,0,19.8,52.6,10.11,91.2122303,7.69,6.62,4.13,1.81,67.9,1.12,1.26
2022ORG_Trial,2022,B73*PHG39-B-B-25-1-1-B-BxLH82*PH207-B-B-24-1-1-B-B,UIUC12,2019MOB_CONV,NIFATOP20,1159,2,11,23,5/31/2022,10/20/2022,62,68,192,90,NA,0,0,24.6,48.9,10.45,95.34371559,7.96,6.32,4.38,1.84,67.66,1.1,1.26
2022ORG_Trial,2022,B73*PHG39-B-B-18-1-1-B-B * PHG35*PHG47-B-B-10-1-1-B-B,UIUC522,19MOB_334 X 19MOB_255,NIFAVAL,1158,2,11,25,5/31/2022,10/20/2022,62,65,165,67,NA,0,0,23.6,49.8,17.63,160.0403983,8.125,6.55,5,2.255,67.125,1.14,1.22
2022ORG_Trial,2022,B73*PHG39-B-B-63-1-1-B-B * PHG35*PHG47-B-B-12-1-1-B-B,UIUC518,2020PR_175-1 X 19MOB_521,NIFAVAL,1157,2,11,27,5/31/2022,10/20/2022,62,68,172,79,NA,0,0,26.9,47.6,12.72,115.5874894,7.96,6.13,3.86,2.22,68.42,1.09,1.23
2022ORG_Trial,2022,B73*LH82-B-B-3-1-1-B-B X B73*PHG47-B-B-25-1-1-B-B,UIUC256,2019MOB_CONV,NIFATOP19,1156,2,11,29,5/31/2022,10/20/2022,57,62,162,65,NA,0,2,17.7,54.4,9.9,88.62360773,7.68,6.53,3.83,1.87,68.56,1.13,1.26
2022ORG_Trial,2022,LH195*MO17,LH195*MO17,ILH1,HIP,1155,2,11,31,5/31/2022,10/20/2022,62,71,198,100,NA,0,0,34,45.7,20.7,176.8932969,7.63,7.29,4.78,1.97,66.58,1.17,1.24
2022ORG_Trial,2022,J23/A22,MNT2,2020 Montigomery ,MONT,1154,2,11,33,5/31/2022,10/20/2022,62,65,179,84,NA,0,0,31.4,46.2,19.82,174.1402188,7.81,6.73,3.97,1.43,68.19,1.06,1.3
2022ORG_Trial,2022,LH195*PHK76,LH195*PHK76,ILH1,HIP,1153,2,11,35,5/31/2022,10/20/2022,62,65,174,79,NA,0,0,25.8,48.2,19.18,174.7104029,NA,NA,NA,NA,NA,NA,NA
2022ORG_Trial,2022,B73*LH82-B-B-5-1-1-B-B X B73*PHG35-B-B-4-1-1-B-B,UIUC236,2019MOB_CONV,NIFATOP19,1152,2,11,37,5/31/2022,10/20/2022,62,67,174,96,NA,0,2,26.1,48,15.16,138.107002,7.69,7.24,4.77,1.7,66.67,1.12,1.26
2022ORG_Trial,2022,LH82*PHG35-B-B-27-1-1-B-B * B73*PH207-B-B-12-1-1-B-B,UIUC528,19MOB_875 X 19MOB_425,NIFAVAL,1169,2,12,5,5/31/2022,10/20/2022,54,62,178,86,NA,0,1,19.5,53.1,9.16,82.16940238,7.22,6.51,3.7,1.69,68.7,1.07,1.28
2022ORG_Trial,2022,B73*PHG39-B-B-53-1-1-B-B X LH82*PHG47-B-B-5-1-1-B-B,UIUC75,2019MOB_CONV,NIFABOT19,1170,2,12,7,5/31/2022,10/20/2022,54,61,172,88,NA,0,0,17.1,55.4,14.46,128.0343067,7.72,6.11,4.28,2.3,68.45,1.15,1.22
2022ORG_Trial,2022,PHJ89*PH207,PHJ89*PH207,ILH1,HIP,1171,2,12,9,5/31/2022,10/20/2022,52,56,178,70,NA,0,0,14.4,58.6,7.73,66.81422542,8.11,6.95,3.62,1.63,67.98,1.05,1.28
2022ORG_Trial,2022,B73*PHG39-B-B-18-1-1-B-B * PHG35*PHG47-B-B-28-1-1-B-B,UIUC502,19MOB_334 X 19MOB_687,NIFAVAL,1172,2,12,11,5/31/2022,10/20/2022,61,64,173,77,NA,0,0,25.2,48.5,13.98,127.5793326,NA,NA,NA,NA,NA,NA,NA
2022ORG_Trial,2022,PHG35*PHG47-B-B-28-1-1-B-B * B73*PHG39-B-B-8-1-1-B-B,UIUC526,19MOB_333 X 19MOB_687,NIFAVAL,1173,2,12,13,5/31/2022,10/20/2022,62,67,165,73,NA,0,0,25.3,48.5,12.06,109.9105716,7.41,6.94,3.05,2,68.34,0.95,1.26
2022ORG_Trial,2022,LH82*PH207-B-B-1-1-1-B-B X PHG35*PHG47-B-B-10-1-1-B-B,UIUC372,2019MOB_CONV,NIFATOP19,1174,2,12,15,5/31/2022,10/20/2022,52,56,159,76,NA,0,3,13.8,59.4,7.71,66.20465005,7.54,7.38,4.09,1.56,66.73,1.07,1.29
2022ORG_Trial,2022,B73*PHG39-B-B-55-1-1-B-BxLH82*PHG47-B-B-7-1-1-B-B,UIUC77,2019MOB_CONV,NIFATOP20,1175,2,12,17,5/31/2022,10/20/2022,52,62,149,73,NA,0,0,21,51.3,13.08,119.1875151,8.56,6.33,4.47,2,67.41,1.04,1.24
2022ORG_Trial,2022,B73*LH82-B-B-18-1-1-B-BxB73*PHG35-B-B-18-1-1-B-B,UIUC223,2019MOB_CONV,NIFABOT20,1176,2,12,19,5/31/2022,10/20/2022,62,68,155,63,NA,0,0,16.4,55.9,5.84,51.67977475,7.67,6.97,4.44,1.31,66.96,1.09,1.3
2022ORG_Trial,2022,LH82*PH207-B-B-18-1-1-B-BxPH207*PHG47-B-B-15-1-1-B-B,UIUC400,2019MOB_CONV,NIFABOT20,1177,2,12,21,5/31/2022,10/20/2022,52,56,127,59,NA,0,1,17.3,55.5,8.14,71.77120316,7.81,7.98,3.86,1.35,66.61,1.15,1.31
2022ORG_Trial,2022,B73*PHG35-B-B-26-1-1-B-BxPHG39*PHG47-B-B-7-1-1-B-B,UIUC369,2019MOB_CONV,NIFATOP20,1178,2,12,23,5/31/2022,10/20/2022,62,68,190,95,NA,0,0,18.3,53.9,12.53,112.3822332,8.25,6.32,5.39,2.13,66.36,1.08,1.22
2022ORG_Trial,2022,LH82*PHG39-B-B-19-1-1-B-BxPHG39*PHG47-B-B-19-1-1-B-B,UIUC333,2019MOB_CONV,NIFABOT20,1179,2,12,25,5/31/2022,10/20/2022,62,69,172,69,NA,0,0,23,49.9,8.3,75.78470551,7.85,6.93,4.74,1.92,66.95,1.15,1.25
2022ORG_Trial,2022,PHG35*PHG47-B-B-9-1-1-B-B * B73*PH207-B-B-20-1-1-B-B,UIUC539,19MOB_774 X 19MOB_678,NIFAVAL,1180,2,12,27,5/31/2022,10/20/2022,62,68,186,78,NA,0,0,28.4,46.9,14.07,127.1005917,7.92,6.14,5.25,2.15,66.8,1.19,1.23
2022ORG_Trial,2022,LH82*PH207-B-B-21-1-1-B-B X PHG35*PHG47-B-B-17-1-1-B-B,UIUC380,2019MOB_CONV,NIFATOP19,1181,2,12,29,5/31/2022,10/20/2022,51,55,152,74,NA,0,0,16.4,56.5,9.67,84.66376918,7.65,7.14,3.75,1.51,67.88,1.09,1.29
2022ORG_Trial,2022,PHHB9*PHM49,ILORG0001,2019MOB_ORG,ORGOREI,1182,2,12,31,5/31/2022,10/20/2022,62,68,199,85,NA,0,0,29.6,46.9,18.53,164.5843479,7.45,6.48,3.62,1.75,68.8,1.14,1.27
2022ORG_Trial,2022,LH82*PH207-B-B-12-1-1-B-BxPH207*PHG47-B-B-11-1-1-B-B,UIUC396,2019MOB_CONV,NIFABOT20,1183,2,12,33,5/31/2022,10/20/2022,63,74,158,63,NA,0,0,21.1,48.6,2.33,22.38256995,7.97,7.78,4.08,1.34,66.94,1.07,1.3
2022ORG_Trial,2022,B73*PHG39-B-B-58-1-1-B-BxLH82*PHG35-B-B-21-1-1-B-B,UIUC160,2019MOB_CONV,NIFATOP20,1184,2,12,35,5/31/2022,10/20/2022,62,68,157,63,NA,0,2,28.6,47.1,16.83,150.9644594,7.76,6.68,3.97,1.83,68.28,1.08,1.26
2022ORG_Trial,2022,[B73/B89)-013-1/2/B84/B89)-037-1]02)-05-03-01-01-01-B-B-B-B-01///OH 622:4366)-01I01,ISU013,19SJWE:BREED:23018/23016 B,ISU,1185,2,12,37,5/31/2022,10/20/2022,62,67,193,90,NA,0,0,26,47.8,13.58,124.3989998,7.45,6.01,4.14,2.18,68.75,1.11,1.23
2022ORG_Trial,2022,B73*LH82-B-B-18-1-1-B-BxB73*PHG47-B-B-13-1-1-B-B,UIUC244,2019MOB_CONV,NIFABOT20,1200,2,13,9,5/31/2022,10/20/2022,58,64,154,61,NA,0,1,14.8,58.3,10.23,88.46265491,7.66,6.77,4.3,1.73,67.4,1.12,1.27
2022ORG_Trial,2022,59R5,CHECK1,great harvest,Check,1199,2,13,11,5/31/2022,10/20/2022,59,64,175,72,NA,0,0,18.9,53.3,9.59,86.34268459,7.81,5.94,3.44,2.07,69.02,1,1.24
2022ORG_Trial,2022,B73*PHG39-B-B-23-1-1-B-B X PHG35*PHG47-B-B-18-1-1-B-B,UIUC114,2019MOB_CONV,NIFABOT19,1198,2,13,13,5/31/2022,10/20/2022,62,66,158,79,NA,0,0,18.4,53.4,6.02,54.43255103,7.85,6.17,4.46,2.24,67.54,1.03,1.22
2022ORG_Trial,2022,B73*PHN82,B73*PHN82,ILH1,HIP,1197,2,13,15,5/31/2022,10/20/2022,61,67,162,88,NA,0,0,25,48.7,9.62,87.66387616,7.82,5.99,3.27,1.81,69.23,1.02,1.27
2022ORG_Trial,2022,B73*PHG39-B-B-61-1-1-B-B X PHG35*PHG47-B-B-20-1-1-B-B,UIUC214,2019MOB_CONV,NIFATOP19,1196,2,13,17,5/31/2022,10/20/2022,59,64,148,64,NA,0,2,19.4,52.9,8.88,80.0581649,7.8,6.87,4.25,1.79,67.03,1.05,1.26
2022ORG_Trial,2022,PHG39*LH82,ILORG0017,2019MOB_ORG,ORGOREI,1195,2,13,19,5/31/2022,10/20/2022,59,65,173,75,NA,0,0,21.2,51.4,12.99,117.8380494,7.78,7.12,3.73,1.75,67.7,1.06,1.27
2022ORG_Trial,2022,B73*PHG35-B-B-31-1-1-B-BxPHG39*PHG47-B-B-9-1-1-B-B,UIUC371,2019MOB_CONV,NIFATOP20,1194,2,13,21,5/31/2022,10/20/2022,61,65,178,93,NA,0,0,22.2,50.3,14.02,128.3136683,7.83,6.51,4.66,2.49,67.57,1.12,1.2
2022ORG_Trial,2022,B73*PHG39-B-B-18-1-1-B-B * LH82*PHG47-B-B-18-1-1-B-B-B,UIUC515,19MOB_334 X 13URN100-S:8851,NIFAVAL,1193,2,13,23,5/31/2022,10/20/2022,58,63,148,69,NA,0,0,23.3,49.8,15.01,136.7917825,7.62,5.88,4.2,1.99,68.76,1.13,1.25
2022ORG_Trial,2022,LH82*PH207-B-B-29-1-1-B-B X PHG35*PHG47-B-B-24-1-1-B-B,UIUC388,2019MOB_CONV,NIFATOP19,1192,2,13,25,5/31/2022,10/20/2022,61,64,140,75,NA,0,2,20,52,11.93,108.60264,7.45,7.23,3.56,1.77,68.12,1.1,1.27
2022ORG_Trial,2022,PHB47*PHZ51,PHB47*PHZ51,ILH1,HIP,1191,2,13,27,5/31/2022,10/20/2022,61,64,209,87,NA,0,0,19.6,52.3,12.8,116.4334122,8.22,6.84,4.1,2.15,67.3,1.04,1.23
2022ORG_Trial,2022,17.2B24,ORG4,2020 Mandaamin,MAN,1190,2,13,29,5/31/2022,10/20/2022,58,63,162,73,NA,0,0,25.1,48.1,12.94,119.2296621,8.64,7.2,5.85,2.81,65.47,1.18,1.16
2022ORG_Trial,2022,B73*PHG39-B-B-30-1-1-B-B X PHG35*PHG47-B-B-24-1-1-B-B,UIUC121,2019MOB_CONV,NIFABOT19,1189,2,13,31,5/31/2022,10/20/2022,61,64,183,76,NA,0,0,21.1,51.1,14.78,135.0342176,8,7.5,3.89,1.68,66.65,1.03,1.27
2022ORG_Trial,2022,B73*PHG39-B-B-52-1-1-B-B X PHG35*PHG47-B-B-1-1-1-B-B,UIUC205,2019MOB_CONV,NIFATOP19,1188,2,13,33,5/31/2022,10/20/2022,58,61,156,63,NA,0,1,17.2,55.2,13.64,121.0650888,7.75,7.58,3.67,1.59,67.93,1.04,1.28
2022ORG_Trial,2022,B73*PHG39-B-B-25-1-1-B-B X PHG35*PHG47-B-B-20-1-1-B-B,UIUC116,2019MOB_CONV,NIFABOT19,1187,2,13,35,5/31/2022,10/20/2022,62,66,189,83,NA,0,0,23.4,49.6,13.67,124.9191162,7.845,6.3,3.855,1.95,68.53,1.04,1.255
2022ORG_Trial,2022,PHG39*PHG47,ILORG0014,2019MOB_ORG,ORGOREI,1186,2,13,37,5/31/2022,10/20/2022,58,60,189,91,NA,0,0,19.7,52.5,15.24,137.928656,7.84,7.16,3.68,1.64,68.22,1.05,1.28
