HYB,Treatments,emmean,SE,df,lower.CL,upper.CL
AM2500,Conventional,119.652677,18.1324569,3421,84.10113633,155.2042177
BR59H44,Conventional,189.2061054,7.558224921,3421,174.3870137,204.0251971
BR64K93,Conventional,176.400177,18.1324569,3421,140.8486363,211.9517177
BR65G55,Conventional,166.4126907,14.8735741,3421,137.2507036,195.5746778
BR70A47,Conventional,184.3626907,14.8735741,3421,155.2007036,213.5246778
ILORG0004,Conventional,184.8983196,14.83247443,3421,155.8169149,213.9797244
ISUORG001,Conventional,184.7457693,11.20080515,3421,162.7848248,206.7067138
ISUORG002,Conventional,196.0633147,11.20080515,3421,174.1023702,218.0242593
ISUORG003,Conventional,147.2646329,11.20080515,3421,125.3036884,169.2255774
ISUORG004,Conventional,131.0267329,11.20080515,3421,109.0657884,152.9876774
ISUORG005,Conventional,156.3594329,11.20080515,3421,134.3984884,178.3203774
ISUORG006,Conventional,172.1245056,11.20080515,3421,150.1635611,194.0854502
ISUORG007,Conventional,176.7635966,11.20080515,3421,154.802652,198.7245411
ISUORG008,Conventional,175.0001784,11.20080515,3421,153.0392339,196.9611229
ISUORG009,Conventional,180.1222784,11.20080515,3421,158.1613339,202.0832229
ISUORG010,Conventional,151.8758602,11.20080515,3421,129.9149157,173.8368047
ISUORG011,Conventional,168.8688329,11.20080515,3421,146.9078884,190.8297774
ISUORG012,Conventional,149.7799238,11.20080515,3421,127.8189793,171.7408683
ISUORG013,Conventional,175.7472693,11.20080515,3421,153.7863248,197.7082138
ISUORG014,Conventional,161.2390693,11.20080515,3421,139.2781248,183.2000138
ISUORG015,Conventional,119.9726693,11.20080515,3421,98.01172477,141.9336138
ISUORG016,Conventional,132.4614329,11.20080515,3421,110.5004884,154.4223774
ISUORG017,Conventional,169.5099576,8.872704834,3421,152.1136209,186.9062944
ISUORG018,Conventional,152.427142,11.20080515,3421,130.4661975,174.3880865
ISUORG019,Conventional,118.4323602,11.20080515,3421,96.47141568,140.3933047
ISUORG020,Conventional,130.5733165,8.872704834,3421,113.1769797,147.9696532
ISUORG021,Conventional,163.5400238,11.20080515,3421,141.5790793,185.5009683
ISUORG022,Conventional,156.9510837,7.558224921,3421,142.131992,171.7701753
ISUORG023,Conventional,159.1062784,11.20080515,3421,137.1453339,181.0672229
ISUORG024,Conventional,121.7729329,11.20080515,3421,99.8119884,143.7338774
ISUORG025,Conventional,125.0961929,8.872704834,3421,107.6998561,142.4925297
ISUORG026,Conventional,118.0584966,11.20080515,3421,96.09755204,140.0194411
ISUORG027,Conventional,152.5040329,11.20080515,3421,130.5430884,174.4649774
ISUORG028,Conventional,166.946042,11.20080515,3421,144.9850975,188.9069865
ISUORG029,Conventional,145.1110238,11.20080515,3421,123.1500793,167.0719683
ISUORG030,Conventional,90.48243292,11.20080515,3421,68.5214884,112.4433774
ISUORG031,Conventional,70.37189655,11.20080515,3421,48.41095204,92.33284107
ISUORG032,Conventional,155.5652329,11.20080515,3421,133.6042884,177.5261774
ISUORG033,Conventional,161.947142,11.20080515,3421,139.9861975,183.9080865
ISUORG034,Conventional,101.2881147,11.20080515,3421,79.32717022,123.2490593
ISUORG035,Conventional,58.16428746,11.20080515,3421,36.20334295,80.12523198
ISUORG036,Conventional,101.7744511,11.20080515,3421,79.81350658,123.7353956
ISUORG037,Conventional,168.3929329,11.20080515,3421,146.4319884,190.3538774
ISUORG038,Conventional,147.9793147,11.20080515,3421,126.0183702,169.9402593
ISUORG039,Conventional,159.7539875,11.20080515,3421,137.7930429,181.714932
ISUORG040,Conventional,92.9495511,11.20080515,3421,70.98860658,114.9104956
ISUORG041,Conventional,133.8425238,11.20080515,3421,111.8815793,155.8034683
ISUORG042,Conventional,186.209742,11.20080515,3421,164.2487975,208.1706865
ISUORG043,Conventional,159.4568329,11.20080515,3421,137.4958884,181.4177774
ISUORG044,Conventional,111.9946511,11.20080515,3421,90.03370658,133.9555956
ISUORG045,Conventional,115.4266511,11.20080515,3421,93.46570658,137.3875956
ISUORG046,Conventional,110.6872056,11.20080515,3421,88.72626113,132.6481502
ISUORG047,Conventional,161.267042,11.20080515,3421,139.3060975,183.2279865
ISUORG048,Conventional,167.6663511,11.20080515,3421,145.7054066,189.6272956
ISUORG049,Conventional,120.604566,16.32808456,3421,88.59078172,152.6183502
ISUORG050,Conventional,142.3735693,14.94635134,3421,113.0688909,171.6782477
ISUORG051,Conventional,133.0470238,11.20080515,3421,111.0860793,155.0079683
ISUORG052,Conventional,170.0696875,11.20080515,3421,148.1087429,192.030632
ISUORG053,Conventional,132.5509147,11.20080515,3421,110.5899702,154.5118593
ISUORG054,Conventional,151.6021329,11.20080515,3421,129.6411884,173.5630774
ISUORG055,Conventional,114.6974329,11.20080515,3421,92.7364884,136.6583774
ISUORG056,Conventional,178.2454238,11.20080515,3421,156.2844793,200.2063683
ISUORG057,Conventional,87.11466928,11.20080515,3421,65.15372477,109.0756138
ISUORG058,Conventional,97.4535511,11.20080515,3421,75.49260658,119.4144956
ISUORG059,Conventional,137.2264717,13.87541141,3421,110.0215399,164.4314035
ISUORG060,Conventional,121.6126693,11.20080515,3421,99.65172477,143.5736138
ISUORG061,Conventional,169.0635602,11.20080515,3421,147.1026157,191.0245047
ISUORG062,Conventional,150.4646238,11.20080515,3421,128.5036793,172.4255683
ISUORG063,Conventional,108.9366875,11.20080515,3421,86.97574295,130.897632
ISUORG064,Conventional,92.16311474,11.20080515,3421,70.20217022,114.1240593
ISUORG065,Conventional,135.1443329,11.20080515,3421,113.1833884,157.1052774
ISUORG066,Conventional,143.4843329,11.20080515,3421,121.5233884,165.4452774
ISUORG067,Conventional,113.3843602,11.20080515,3421,91.42341568,135.3453047
ISUORG068,Conventional,158.1071474,8.851264409,3421,140.752848,175.4614469
ISUORG069,Conventional,171.3528576,7.558224921,3421,156.5337659,186.1719492
ISUORG070,Conventional,89.79752383,11.20080515,3421,67.83657931,111.7584683
ISUORG071,Conventional,110.7734966,11.20080515,3421,88.81255204,132.7344411
ISUORG072,Conventional,124.1272966,11.20080515,3421,102.166352,146.0882411
ISUORG073,Conventional,144.249342,11.20080515,3421,122.2883975,166.2102865
ISUORG074,Conventional,128.107186,13.87541141,3421,100.9022542,155.3121177
ISUORG075,Conventional,151.3347147,11.20080515,3421,129.3737702,173.2956593
ISUORG076,Conventional,137.4549404,11.71098988,3421,114.4936983,160.4161825
ISUORG077,Conventional,107.2160717,13.87541141,3421,80.01113987,134.4210035
ISUORG078,Conventional,125.0896602,11.20080515,3421,103.1287157,147.0506047
ISUORG079,Conventional,137.8314056,11.20080515,3421,115.8704611,159.7923502
ISUORG080,Conventional,19.8189511,11.20080515,3421,-2.141993416,41.77989561
ISUORG081,Conventional,146.381542,11.20080515,3421,124.4205975,168.3424865
ISUORG082,Conventional,109.1885693,11.20080515,3421,87.22762477,131.1495138
ISUORG083,Conventional,121.5775147,11.20080515,3421,99.61657022,143.5384593
ISUORG084,Conventional,145.0149863,14.83247443,3421,115.9335815,174.096391
ISUORG085,Conventional,152.0766529,14.83247443,3421,122.9952482,181.1580577
ISUORG086,Conventional,120.8783196,14.83247443,3421,91.79691487,149.9597244
ISUORG087,Conventional,99.80998628,14.83247443,3421,70.72858154,128.891391
ISUORG088,Conventional,117.3949863,14.83247443,3421,88.31358154,146.476391
ISUORG089,Conventional,97.87998628,14.83247443,3421,68.79858154,126.961391
ISUORG090,Conventional,160.6126907,14.8735741,3421,131.4507036,189.7746778
ISUORG091,Conventional,161.3460241,14.8735741,3421,132.1840369,190.5080112
ISUORG092,Conventional,164.1793574,14.8735741,3421,135.0173703,193.3413445
ISUORG095,Conventional,116.3849863,14.83247443,3421,87.30358154,145.466391
ISUORG098,Conventional,152.9616529,14.83247443,3421,123.8802482,182.0430577
ISUORG099,Conventional,143.2126907,14.8735741,3421,114.0507036,172.3746778
ISUORG100,Conventional,174.7626907,14.8735741,3421,145.6007036,203.9246778
ISUORG101,Conventional,153.1293574,14.8735741,3421,123.9673703,182.2913445
ISUORG102,Conventional,146.2960241,14.8735741,3421,117.1340369,175.4580112
ISUORG103,Conventional,157.3126907,14.8735741,3421,128.1507036,186.4746778
ISUORG104,Conventional,161.9460241,14.8735741,3421,132.7840369,191.1080112
ISUORG105,Conventional,153.4293574,14.8735741,3421,124.2673703,182.5913445
ISUORG106,Conventional,139.5960241,14.8735741,3421,110.4340369,168.7580112
ISUORG107,Conventional,171.7960241,14.8735741,3421,142.6340369,200.9580112
ISUORG108,Conventional,167.2460241,14.8735741,3421,138.0840369,196.4080112
ISUORG109,Conventional,137.4491526,16.25799945,3421,105.5727813,169.3255239
ISUORG110,Conventional,152.4626907,14.8735741,3421,123.3007036,181.6246778
ISUORG111,Conventional,166.8293574,14.8735741,3421,137.6673703,195.9913445
ISUORG112,Conventional,173.2960241,14.8735741,3421,144.1340369,202.4580112
ISUORG113,Conventional,161.1460241,14.8735741,3421,131.9840369,190.3080112
ISUORG114,Conventional,150.6460241,14.8735741,3421,121.4840369,179.8080112
ISUORG115,Conventional,135.9126907,14.8735741,3421,106.7507036,165.0746778
ISUORG116,Conventional,167.6626907,14.8735741,3421,138.5007036,196.8246778
ISUORG117,Conventional,152.2960241,14.8735741,3421,123.1340369,181.4580112
ISUORG118,Conventional,159.6960241,14.8735741,3421,130.5340369,188.8580112
ISUORG119,Conventional,169.8460241,14.8735741,3421,140.6840369,199.0080112
ISUORG120,Conventional,169.8626907,14.8735741,3421,140.7007036,199.0246778
ISUORG121,Conventional,152.3626907,14.8735741,3421,123.2007036,181.5246778
ISUORG122,Conventional,167.8793574,14.8735741,3421,138.7173703,197.0413445
ISUORG123,Conventional,143.2460241,14.8735741,3421,114.0840369,172.4080112
ISUORG124,Conventional,161.2960241,14.8735741,3421,132.1340369,190.4580112
ISUORG125,Conventional,160.7793574,14.8735741,3421,131.6173703,189.9413445
ISUORG126,Conventional,144.2960241,14.8735741,3421,115.1340369,173.4580112
ISUORG127,Conventional,130.2460241,14.8735741,3421,101.0840369,159.4080112
ISUORG128,Conventional,152.4960241,14.8735741,3421,123.3340369,181.6580112
ISUORG129,Conventional,161.2293574,14.8735741,3421,132.0673703,190.3913445
ISUORG130,Conventional,156.5126907,14.8735741,3421,127.3507036,185.6746778
ISUORG131,Conventional,151.4936147,11.20080515,3421,129.5326702,173.4545593
ISUORG132,Conventional,97.66867837,11.20080515,3421,75.70773386,119.6296229
ISUORG133,Conventional,123.6599863,14.83247443,3421,94.57858154,152.741391
ISUORG134,Conventional,140.8733196,14.83247443,3421,111.7919149,169.9547244
ISUORG135,Conventional,130.9799863,14.83247443,3421,101.8985815,160.061391
ISUORG136,Conventional,142.3849863,14.83247443,3421,113.3035815,171.466391
ISUORG137,Conventional,107.7599863,14.83247443,3421,78.67858154,136.841391
ISUORG138,Conventional,146.6883196,14.83247443,3421,117.6069149,175.7697244
ISUORG139,Conventional,129.0583196,14.83247443,3421,99.97691487,158.1397244
ISUORG140,Conventional,167.5349863,14.83247443,3421,138.4535815,196.616391
ISUORG141,Conventional,159.7499863,14.83247443,3421,130.6685815,188.831391
ISUORG142,Conventional,151.1516529,14.83247443,3421,122.0702482,180.2330577
ISUORG143,Conventional,163.1633196,14.83247443,3421,134.0819149,192.2447244
ISUORG144,Conventional,147.5716529,14.83247443,3421,118.4902482,176.6530577
ISUORG145,Conventional,151.8849863,14.83247443,3421,122.8035815,180.966391
ISUORG146,Conventional,151.4066529,14.83247443,3421,122.3252482,180.4880577
ISUORG147,Conventional,134.2216529,14.83247443,3421,105.1402482,163.3030577
ISUORG148,Conventional,151.7049863,14.83247443,3421,122.6235815,180.786391
ISUORG149,Conventional,135.8316529,14.83247443,3421,106.7502482,164.9130577
ISUORG150,Conventional,150.6661409,18.10491896,3421,115.1685927,186.1636891
ISUORG151,Conventional,152.9911409,18.10491896,3421,117.4935927,188.4886891
ISUORG152,Conventional,120.8161409,18.10491896,3421,85.3185927,156.3136891
ISUORG153,Conventional,103.4161409,18.10491896,3421,67.9185927,138.9136891
ISUORG154,Conventional,121.6661409,18.10491896,3421,86.1685927,157.1636891
ISUORG155,Conventional,132.0899863,14.83247443,3421,103.0085815,161.171391
ISUORG156,Conventional,131.7734481,16.22055121,3421,99.97049999,163.5763963
ISUORG157,Conventional,165.4911409,18.10491896,3421,129.9935927,200.9886891
ISUORG158,Conventional,111.5661409,18.10491896,3421,76.0685927,147.0636891
ISUORG159,Conventional,130.7661409,18.10491896,3421,95.2685927,166.2636891
ISUORG160,Conventional,122.9911409,18.10491896,3421,87.4935927,158.4886891
ISUORG161,Conventional,138.7174481,16.22055121,3421,106.9145,170.5203963
ISUORG162,Conventional,126.4316529,14.83247443,3421,97.3502482,155.5130577
ISUORG163,Conventional,161.8599863,14.83247443,3421,132.7785815,190.941391
ISUORG164,Conventional,163.1477254,11.09627078,3421,141.391737,184.9037138
ISUORG165,Conventional,142.1793574,14.8735741,3421,113.0173703,171.3413445
ISUORG166,Conventional,171.0626907,10.63912066,3421,150.2030172,191.9223642
ISUORG167,Conventional,173.1362337,8.648521422,3421,156.1794438,190.0930235
ISUORG168,Conventional,169.1460241,14.8735741,3421,139.9840369,198.3080112
ISUORG169,Conventional,173.3293574,14.8735741,3421,144.1673703,202.4913445
ISUORG170,Conventional,185.6793574,14.8735741,3421,156.5173703,214.8413445
ISUORG171,Conventional,172.0126907,14.8735741,3421,142.8507036,201.1746778
ISUORG172,Conventional,169.1793574,14.8735741,3421,140.0173703,198.3413445
ISUORG173,Conventional,166.4293574,14.8735741,3421,137.2673703,195.5913445
ISUORG174,Conventional,196.5293574,14.8735741,3421,167.3673703,225.6913445
ISUORG175,Conventional,170.6460241,14.8735741,3421,141.4840369,199.8080112
ISUORG176,Conventional,186.3460241,14.8735741,3421,157.1840369,215.5080112
ISUORG177,Conventional,156.0293574,14.8735741,3421,126.8673703,185.1913445
ISUORG178,Conventional,166.8793574,14.8735741,3421,137.7173703,196.0413445
ISUORG179,Conventional,178.7126907,14.8735741,3421,149.5507036,207.8746778
ISUORG180,Conventional,167.8460241,14.8735741,3421,138.6840369,197.0080112
ISUORG181,Conventional,145.9960241,14.8735741,3421,116.8340369,175.1580112
ISUORG182,Conventional,174.7126907,14.8735741,3421,145.5507036,203.8746778
ISUORG183,Conventional,172.6793574,14.8735741,3421,143.5173703,201.8413445
ISUORG184,Conventional,164.4793574,14.8735741,3421,135.3173703,193.6413445
ISUORG185,Conventional,174.5293574,14.8735741,3421,145.3673703,203.6913445
ISUORG186,Conventional,167.9793574,14.8735741,3421,138.8173703,197.1413445
ISUORG187,Conventional,165.7626907,14.8735741,3421,136.6007036,194.9246778
ISUORG188,Conventional,167.8960241,14.8735741,3421,138.7340369,197.0580112
ISUORG189,Conventional,165.8626907,14.8735741,3421,136.7007036,195.0246778
ISUORG190,Conventional,174.9793574,14.8735741,3421,145.8173703,204.1413445
ISUORG191,Conventional,186.6126907,14.8735741,3421,157.4507036,215.7746778
ISUORG192,Conventional,142.8960241,14.8735741,3421,113.7340369,172.0580112
ISUORG193,Conventional,153.7460241,14.8735741,3421,124.5840369,182.9080112
ISUORG194,Conventional,152.1126907,14.8735741,3421,122.9507036,181.2746778
ISUORG195,Conventional,163.5293574,14.8735741,3421,134.3673703,192.6913445
ISUORG196,Conventional,148.4626907,14.8735741,3421,119.3007036,177.6246778
ISUORG197,Conventional,148.1460241,14.8735741,3421,118.9840369,177.3080112
ISUORG198,Conventional,153.8460241,14.8735741,3421,124.6840369,183.0080112
ISUORG199,Conventional,177.0460241,14.8735741,3421,147.8840369,206.2080112
ISUORG200,Conventional,169.5793574,14.8735741,3421,140.4173703,198.7413445
ISUORG201,Conventional,167.8126907,14.8735741,3421,138.6507036,196.9746778
ISUORG202,Conventional,101.2130052,10.5051027,3421,80.61609499,121.8099153
ISUORG203,Conventional,141.8116529,14.83247443,3421,112.7302482,170.8930577
ISUORG204,Conventional,180.0793574,14.8735741,3421,150.9173703,209.2413445
ISUORG205,Conventional,124.9066529,14.83247443,3421,95.8252482,153.9880577
ISUORG206,Conventional,87.67498628,14.83247443,3421,58.59358154,116.756391
ISUORG207,Conventional,158.6003479,7.563204594,3421,143.7714928,173.429203
ISUORG208,Conventional,145.6516529,14.83247443,3421,116.5702482,174.7330577
ISUORG209,Conventional,150.3920626,16.23189587,3421,118.5668714,182.2172537
ISUORG210,Conventional,142.0833196,14.83247443,3421,113.0019149,171.1647244
ISUORG211,Conventional,157.6133196,14.83247443,3421,128.5319149,186.6947244
ISUORG212,Conventional,128.0049863,14.83247443,3421,98.92358154,157.086391
ISUORG213,Conventional,125.1999863,14.83247443,3421,96.11858154,154.281391
ISUORG214,Conventional,146.7699863,14.83247443,3421,117.6885815,175.851391
ISUORG215,Conventional,121.0066529,14.83247443,3421,91.9252482,150.0880577
ISUORG216,Conventional,142.9533196,14.83247443,3421,113.8719149,172.0347244
ISUORG217,Conventional,138.6599863,14.83247443,3421,109.5785815,167.741391
ISUORG218,Conventional,151.8599863,14.83247443,3421,122.7785815,180.941391
ISUORG219,Conventional,160.7305052,10.5051027,3421,140.133595,181.3274153
ISUORG220,Conventional,135.8249863,14.83247443,3421,106.7435815,164.906391
ISUORG221,Conventional,134.0599863,14.83247443,3421,104.9785815,163.141391
ISUORG222,Conventional,126.4666529,14.83247443,3421,97.3852482,155.5480577
ISUORG223,Conventional,122.1749863,14.83247443,3421,93.09358154,151.256391
ISUORG224,Conventional,146.9916529,14.83247443,3421,117.9102482,176.0730577
ISUORG225,Conventional,125.7549863,14.83247443,3421,96.67358154,154.836391
ISUORG226,Conventional,144.2666529,14.83247443,3421,115.1852482,173.3480577
ISUORG227,Conventional,143.7460241,14.8735741,3421,114.5840369,172.9080112
ISUORG228,Conventional,131.7366529,14.83247443,3421,102.6552482,160.8180577
ISUORG229,Conventional,138.7583196,14.83247443,3421,109.6769149,167.8397244
ISUORG230,Conventional,143.5583196,14.83247443,3421,114.4769149,172.6397244
ISUORG231,Conventional,137.5283196,14.83247443,3421,108.4469149,166.6097244
ISUORG232,Conventional,155.0905052,10.5051027,3421,134.493595,175.6874153
ISUORG233,Conventional,143.1133196,14.83247443,3421,114.0319149,172.1947244
ISUORG234,Conventional,143.9499863,14.83247443,3421,114.8685815,173.031391
ISUORG235,Conventional,131.2249863,14.83247443,3421,102.1435815,160.306391
ISUORG236,Conventional,143.1983196,14.83247443,3421,114.1169149,172.2797244
ISUORG237,Conventional,122.2516529,14.83247443,3421,93.1702482,151.3330577
ISUORG238,Conventional,120.3016529,14.83247443,3421,91.2202482,149.3830577
ISUORG239,Conventional,115.3716529,14.83247443,3421,86.2902482,144.4530577
ISUORG240,Conventional,127.1738385,10.5051027,3421,106.5769283,147.7707487
ISUORG241,Conventional,126.0283196,14.83247443,3421,96.94691487,155.1097244
ISUORG242,Conventional,134.7899863,14.83247443,3421,105.7085815,163.871391
ISUORG243,Conventional,130.1316529,14.83247443,3421,101.0502482,159.2130577
ISUORG244,Conventional,135.8055052,10.5051027,3421,115.208595,156.4024153
ISUORG245,Conventional,130.5383196,14.83247443,3421,101.4569149,159.6197244
ISUORG246,Conventional,139.8949863,14.83247443,3421,110.8135815,168.976391
ISUORG247,Conventional,124.9499863,14.83247443,3421,95.86858154,154.031391
ISUORG248,Conventional,116.1249863,14.83247443,3421,87.04358154,145.206391
ISUORG249,Conventional,122.1783196,14.83247443,3421,93.09691487,151.2597244
ISUORG250,Conventional,126.3999863,14.83247443,3421,97.31858154,155.481391
ISUORG251,Conventional,122.5016529,14.83247443,3421,93.4202482,151.5830577
ISUORG252,Conventional,132.1266529,14.83247443,3421,103.0452482,161.2080577
ISUORG253,Conventional,168.3567892,8.648521422,3421,151.3999994,185.3135791
ISUORG254,Conventional,160.4126907,14.8735741,3421,131.2507036,189.5746778
ISUORG255,Conventional,156.4626907,14.8735741,3421,127.3007036,185.6246778
ISUORG256,Conventional,144.2480052,10.5051027,3421,123.651095,164.8449153
ISUORG257,Conventional,143.5460241,14.8735741,3421,114.3840369,172.7080112
ISUORG258,Conventional,134.2433196,14.83247443,3421,105.1619149,163.3247244
ISUORG259,Conventional,127.5855052,10.5051027,3421,106.988595,148.1824153
ISUORG260,Conventional,127.4249863,14.83247443,3421,98.34358154,156.506391
ISUORG261,Conventional,164.3126907,14.8735741,3421,135.1507036,193.4746778
ISUORG262,Conventional,156.4126907,14.8735741,3421,127.2507036,185.5746778
ISUORG263,Conventional,97.26665295,14.83247443,3421,68.1852482,126.3480577
ISUORG264,Conventional,142.6460241,14.8735741,3421,113.4840369,171.8080112
ISUORG265,Conventional,125.5133196,14.83247443,3421,96.43191487,154.5947244
ISUORG266,Conventional,136.8766529,14.83247443,3421,107.7952482,165.9580577
ISUORG267,Conventional,165.4960241,14.8735741,3421,136.3340369,194.6580112
ISUORG268,Conventional,155.1793574,14.8735741,3421,126.0173703,184.3413445
ISUORG269,Conventional,135.8349863,14.83247443,3421,106.7535815,164.916391
ISUORG270,Conventional,143.7793574,14.8735741,3421,114.6173703,172.9413445
ISUORG271,Conventional,155.2366529,14.83247443,3421,126.1552482,184.3180577
ISUORG272,Conventional,130.3494481,16.22055121,3421,98.54649999,162.1523963
ISUORG273,Conventional,116.7233196,14.83247443,3421,87.64191487,145.8047244
ISUORG274,Conventional,155.8933196,14.83247443,3421,126.8119149,184.9747244
ISUORG275,Conventional,158.8126907,14.8735741,3421,129.6507036,187.9746778
ISUORG276,Conventional,159.0793574,14.8735741,3421,129.9173703,188.2413445
ISUORG277,Conventional,139.9793574,14.8735741,3421,110.8173703,169.1413445
ISUORG278,Conventional,137.4149863,14.83247443,3421,108.3335815,166.496391
ISUORG279,Conventional,145.5293574,14.8735741,3421,116.3673703,174.6913445
ISUORG280,Conventional,126.9049863,14.83247443,3421,97.82358154,155.986391
ISUORG281,Conventional,161.3126907,14.8735741,3421,132.1507036,190.4746778
ISUORG282,Conventional,111.0083196,14.83247443,3421,81.92691487,140.0897244
ISUORG283,Conventional,153.8416529,14.83247443,3421,124.7602482,182.9230577
ISUORG284,Conventional,152.6291526,16.25799945,3421,120.7527813,184.5055239
ISUORG285,Conventional,153.6293574,14.8735741,3421,124.4673703,182.7913445
ISUORG286,Conventional,133.4460241,14.8735741,3421,104.2840369,162.6080112
ISUORG287,Conventional,150.1483196,14.83247443,3421,121.0669149,179.2297244
ISUORG288,Conventional,164.1126907,14.8735741,3421,134.9507036,193.2746778
ISUORG289,Conventional,148.9833196,14.83247443,3421,119.9019149,178.0647244
ISUORG290,Conventional,143.4626907,14.8735741,3421,114.3007036,172.6246778
ISUORG291,Conventional,150.7049863,14.83247443,3421,121.6235815,179.786391
ISUORG292,Conventional,107.0016529,14.83247443,3421,77.9202482,136.0830577
ISUORG293,Conventional,160.4833196,14.83247443,3421,131.4019149,189.5647244
ISUORG294,Conventional,160.7793574,14.8735741,3421,131.6173703,189.9413445
ISUORG295,Conventional,156.3960241,14.8735741,3421,127.2340369,185.5580112
ISUORG296,Conventional,123.3583196,14.83247443,3421,94.27691487,152.4397244
ISUORG297,Conventional,139.7460241,14.8735741,3421,110.5840369,168.9080112
ISUORG298,Conventional,143.1616529,14.83247443,3421,114.0802482,172.2430577
ISUORG299,Conventional,154.0460241,14.8735741,3421,124.8840369,183.2080112
ISUORG300,Conventional,121.2666529,14.83247443,3421,92.1852482,150.3480577
ISUORG301,Conventional,146.9166529,14.83247443,3421,117.8352482,175.9980577
ISUORG302,Conventional,159.5293574,14.8735741,3421,130.3673703,188.6913445
ISUORG303,Conventional,156.8126907,14.8735741,3421,127.6507036,185.9746778
ISUORG304,Conventional,104.9960241,14.8735741,3421,75.83403692,134.1580112
ISUORG305,Conventional,145.1466529,14.83247443,3421,116.0652482,174.2280577
ISUORG306,Conventional,130.9793574,14.8735741,3421,101.8173703,160.1413445
ISUORG307,Conventional,145.0516529,14.83247443,3421,115.9702482,174.1330577
ISUORG308,Conventional,137.4960241,14.8735741,3421,108.3340369,166.6580112
ISUORG309,Conventional,97.92498628,14.83247443,3421,68.84358154,127.006391
ISUORG310,Conventional,161.8383196,14.83247443,3421,132.7569149,190.9197244
ISUORG311,Conventional,160.8293574,14.8735741,3421,131.6673703,189.9913445
ISUORG312,Conventional,141.8793574,14.8735741,3421,112.7173703,171.0413445
ISUORG313,Conventional,160.1633196,14.83247443,3421,131.0819149,189.2447244
ISUORG314,Conventional,170.2960241,14.8735741,3421,141.1340369,199.4580112
ISUORG315,Conventional,137.7083196,14.83247443,3421,108.6269149,166.7897244
ISUORG316,Conventional,150.7626907,14.8735741,3421,121.6007036,179.9246778
ISUORG317,Conventional,141.7766529,14.83247443,3421,112.6952482,170.8580577
ISUORG318,Conventional,112.3949863,14.83247443,3421,83.31358154,141.476391
ISUORG319,Conventional,119.1916529,14.83247443,3421,90.1102482,148.2730577
ISUORG320,Conventional,160.2126907,14.8735741,3421,131.0507036,189.3746778
ISUORG321,Conventional,134.5960241,14.8735741,3421,105.4340369,163.7580112
ISUORG322,Conventional,102.8633196,14.83247443,3421,73.78191487,131.9447244
ISUORG323,Conventional,154.3626907,14.8735741,3421,125.2007036,183.5246778
ISUORG324,Conventional,161.6126907,14.8735741,3421,132.4507036,190.7746778
ISUORG325,Conventional,109.3383196,14.83247443,3421,80.25691487,138.4197244
ISUORG326,Conventional,80.33998628,14.83247443,3421,51.25858154,109.421391
ISUORG327,Conventional,53.47665295,14.83247443,3421,24.3952482,82.55805769
ISUORG328,Conventional,166.5626907,14.8735741,3421,137.4007036,195.7246778
ISUORG329,Conventional,148.9675805,10.96356663,3421,127.4717794,170.4633815
ISUORG330,Conventional,174.1460241,14.8735741,3421,144.9840369,203.3080112
ISUORG331,Conventional,152.8716529,14.83247443,3421,123.7902482,181.9530577
ISUORG332,Conventional,131.5766529,14.83247443,3421,102.4952482,160.6580577
ISUORG333,Conventional,135.2999863,14.83247443,3421,106.2185815,164.381391
ISUORG334,Conventional,133.9016529,14.83247443,3421,104.8202482,162.9830577
ISUORG335,Conventional,126.5733196,14.83247443,3421,97.49191487,155.6547244
ISUORG336,Conventional,135.7683196,14.83247443,3421,106.6869149,164.8497244
ISUORG337,Conventional,144.2416529,14.83247443,3421,115.1602482,173.3230577
ISUORG338,Conventional,130.3338385,10.5051027,3421,109.7369283,150.9307487
ISUORG339,Conventional,149.2238018,8.785221435,3421,131.99899,166.4486136
ISUORG340,Conventional,148.2793574,14.8735741,3421,119.1173703,177.4413445
ISUORG341,Conventional,140.9460241,14.8735741,3421,111.7840369,170.1080112
ISUORG342,Conventional,167.9960241,14.8735741,3421,138.8340369,197.1580112
ISUORG343,Conventional,134.6460241,14.8735741,3421,105.4840369,163.8080112
ISUORG344,Conventional,103.6626907,14.8735741,3421,74.50070359,132.8246778
ISUORG345,Conventional,147.7626907,14.8735741,3421,118.6007036,176.9246778
ISUORG346,Conventional,151.5460241,14.8735741,3421,122.3840369,180.7080112
ISUORG347,Conventional,124.9126907,14.8735741,3421,95.75070359,154.0746778
ISUORG348,Conventional,168.0955052,10.5051027,3421,147.498595,188.6924153
ISUORG349,Conventional,160.7066529,14.83247443,3421,131.6252482,189.7880577
ISUORG350,Conventional,143.4233196,14.83247443,3421,114.3419149,172.5047244
ISUORG351,Conventional,147.1683196,14.83247443,3421,118.0869149,176.2497244
ISUORG352,Conventional,125.5463385,10.5051027,3421,104.9494283,146.1432487
ISUORG353,Conventional,143.4383196,14.83247443,3421,114.3569149,172.5197244
ISUORG354,Conventional,149.1460241,14.8735741,3421,119.9840369,178.3080112
ISUORG355,Conventional,145.6346718,10.5051027,3421,125.0377617,166.231582
ISUORG356,Conventional,159.729767,16.26974619,3421,127.8303644,191.6291697
ISUORG357,Conventional,179.1293574,14.8735741,3421,149.9673703,208.2913445
ISUORG358,Conventional,134.9626907,14.8735741,3421,105.8007036,164.1246778
ISUORG359,Conventional,54.12915257,16.25799945,3421,22.25278126,86.00552388
ISUORG360,Conventional,170.9043574,10.63912066,3421,150.0446839,191.7640309
ISUORG361,Conventional,155.2626907,14.8735741,3421,126.1007036,184.4246778
ISUORG362,Conventional,156.6126907,14.8735741,3421,127.4507036,185.7746778
ISUORG363,Conventional,150.0960241,14.8735741,3421,120.9340369,179.2580112
ISUORG364,Conventional,163.1626907,14.8735741,3421,134.0007036,192.3246778
ISUORG365,Conventional,129.6793574,14.8735741,3421,100.5173703,158.8413445
ISUORG366,Conventional,160.8460241,14.8735741,3421,131.6840369,190.0080112
ISUORG367,Conventional,117.5793574,14.8735741,3421,88.41737026,146.7413445
ISUORG368,Conventional,153.4293574,14.8735741,3421,124.2673703,182.5913445
ISUORG369,Conventional,165.9960241,14.8735741,3421,136.8340369,195.1580112
ISUORG370,Conventional,139.4126907,14.8735741,3421,110.2507036,168.5746778
ISUORG371,Conventional,176.5005052,10.5051027,3421,155.903595,197.0974153
ISUORG372,Conventional,171.5683196,14.83247443,3421,142.4869149,200.6497244
ISUORG373,Conventional,180.5793574,14.8735741,3421,151.4173703,209.7413445
ISUORG374,Conventional,151.9599863,14.83247443,3421,122.8785815,181.041391
ISUORG375,Conventional,149.5549863,14.83247443,3421,120.4735815,178.636391
ISUORG376,Conventional,136.7683196,14.83247443,3421,107.6869149,165.8497244
ISUORG377,Conventional,173.6544057,8.88972033,3421,156.2247074,191.0841041
ISUORG378,Conventional,161.7460241,14.8735741,3421,132.5840369,190.9080112
ISUORG379,Conventional,140.4293574,14.8735741,3421,111.2673703,169.5913445
ISUORG380,Conventional,159.6126907,14.8735741,3421,130.4507036,188.7746778
ISUORG381,Conventional,132.4960241,14.8735741,3421,103.3340369,161.6580112
ISUORG382,Conventional,152.3793574,14.8735741,3421,123.2173703,181.5413445
ISUORG383,Conventional,123.9460241,14.8735741,3421,94.78403692,153.1080112
ISUORG384,Conventional,163.7126907,14.8735741,3421,134.5507036,192.8746778
ISUORG385,Conventional,149.3949863,14.83247443,3421,120.3135815,178.476391
ISUORG386,Conventional,163.5960241,14.8735741,3421,134.4340369,192.7580112
ISUORG387,Conventional,125.4099863,14.83247443,3421,96.32858154,154.491391
ISUORG388,Conventional,134.4293574,14.8735741,3421,105.2673703,163.5913445
ISUORG389,Conventional,173.8363385,10.5051027,3421,153.2394283,194.4332487
ISUORG390,Conventional,150.9216529,14.83247443,3421,121.8402482,180.0030577
ISUORG391,Conventional,141.0599863,14.83247443,3421,111.9785815,170.141391
ISUORG392,Conventional,155.8216529,14.83247443,3421,126.7402482,184.9030577
ISUORG393,Conventional,121.7383196,14.83247443,3421,92.65691487,150.8197244
ISUORG394,Conventional,80.81998628,14.83247443,3421,51.73858154,109.901391
ISUORG396,Conventional,160.4583196,14.83247443,3421,131.3769149,189.5397244
ISUORG397,Conventional,151.4146718,10.5051027,3421,130.8177617,172.011582
ISUORG398,Conventional,139.2899863,14.83247443,3421,110.2085815,168.371391
ISUORG399,Conventional,147.5983196,14.83247443,3421,118.5169149,176.6797244
ISUORG400,Conventional,125.7883196,14.83247443,3421,96.70691487,154.8697244
ISUORG402,Conventional,182.6349863,14.83247443,3421,153.5535815,211.716391
ISUORG403,Conventional,166.1599863,14.83247443,3421,137.0785815,195.241391
ISUORG404,Conventional,145.1633196,14.83247443,3421,116.0819149,174.2447244
ISUORG405,Conventional,136.4383196,14.83247443,3421,107.3569149,165.5197244
ISUORG406,Conventional,152.6199863,14.83247443,3421,123.5385815,181.701391
ISUORG407,Conventional,149.3366529,14.83247443,3421,120.2552482,178.4180577
ISUORG408,Conventional,144.5833196,14.83247443,3421,115.5019149,173.6647244
ISUORG409,Conventional,156.2233196,14.83247443,3421,127.1419149,185.3047244
ISUORG410,Conventional,163.4466529,14.83247443,3421,134.3652482,192.5280577
ISUORG411,Conventional,136.3949863,14.83247443,3421,107.3135815,165.476391
ISUORG412,Conventional,155.4683196,14.83247443,3421,126.3869149,184.5497244
ISUORG413,Conventional,164.7316529,14.83247443,3421,135.6502482,193.8130577
ISUORG414,Conventional,177.1246718,10.5051027,3421,156.5277617,197.721582
ISUORG415,Conventional,160.7649863,14.83247443,3421,131.6835815,189.846391
ISUORG416,Conventional,168.5516529,14.83247443,3421,139.4702482,197.6330577
ISUORG417,Conventional,142.5799863,14.83247443,3421,113.4985815,171.661391
ISUORG418,Conventional,137.5383196,14.83247443,3421,108.4569149,166.6197244
ISUORG419,Conventional,164.7366529,14.83247443,3421,135.6552482,193.8180577
ISUORG420,Conventional,150.3766529,14.83247443,3421,121.2952482,179.4580577
ISUORG421,Conventional,138.6066529,14.83247443,3421,109.5252482,167.6880577
ISUORG422,Conventional,149.4416529,14.83247443,3421,120.3602482,178.5230577
ISUORG423,Conventional,151.5866529,14.83247443,3421,122.5052482,180.6680577
ISUORG424,Conventional,165.3266529,14.83247443,3421,136.2452482,194.4080577
ISUORG425,Conventional,181.7005052,10.5051027,3421,161.103595,202.2974153
ISUORG426,Conventional,159.2766529,14.83247443,3421,130.1952482,188.3580577
ISUORG427,Conventional,166.3383196,14.83247443,3421,137.2569149,195.4197244
ISUORG428,Conventional,159.1283196,14.83247443,3421,130.0469149,188.2097244
ISUORG429,Conventional,158.0033196,14.83247443,3421,128.9219149,187.0847244
ISUORG430,Conventional,157.1263385,10.5051027,3421,136.5294283,177.7232487
ISUORG431,Conventional,162.1099863,14.83247443,3421,133.0285815,191.191391
ISUORG432,Conventional,147.0399863,14.83247443,3421,117.9585815,176.121391
ISUORG433,Conventional,173.7216529,14.83247443,3421,144.6402482,202.8030577
ISUORG434,Conventional,153.8766529,14.83247443,3421,124.7952482,182.9580577
ISUORG435,Conventional,147.8266529,14.83247443,3421,118.7452482,176.9080577
ISUORG436,Conventional,155.5883196,14.83247443,3421,126.5069149,184.6697244
ISUORG437,Conventional,164.1793574,8.785221435,3421,146.9545456,181.4041692
ISUORG438,Conventional,154.2605052,10.5051027,3421,133.663595,174.8574153
ISUORG439,Conventional,152.1460241,14.8735741,3421,122.9840369,181.3080112
ISUORG440,Conventional,116.1620626,16.23189587,3421,84.33687144,147.9872537
ISUORG441,Conventional,142.4960241,14.8735741,3421,113.3340369,171.6580112
ISUORG442,Conventional,166.1066529,14.83247443,3421,137.0252482,195.1880577
ISUORG443,Conventional,124.089767,16.26974619,3421,92.19036436,155.9891697
KTC001,Conventional,146.9626907,14.8735741,3421,117.8007036,176.1246778
KTC006,Conventional,172.3793574,14.8735741,3421,143.2173703,201.5413445
KTC007,Conventional,160.2491526,16.25799945,3421,128.3727813,192.1255239
KTC013,Conventional,174.5293574,14.8735741,3421,145.3673703,203.6913445
KTC014,Conventional,174.6460241,14.8735741,3421,145.4840369,203.8080112
KTC016,Conventional,180.8293574,14.8735741,3421,151.6673703,209.9913445
KTC017,Conventional,175.7126907,14.8735741,3421,146.5507036,204.8746778
KTC018,Conventional,157.8793574,14.8735741,3421,128.7173703,187.0413445
KTC019,Conventional,194.1126907,14.8735741,3421,164.9507036,223.2746778
KTC020,Conventional,162.9293574,14.8735741,3421,133.7673703,192.0913445
KTC021,Conventional,168.3293574,14.8735741,3421,139.1673703,197.4913445
KTC022,Conventional,160.1126907,14.8735741,3421,130.9507036,189.2746778
KTC023,Conventional,175.0460241,14.8735741,3421,145.8840369,204.2080112
KTC024,Conventional,171.3626907,14.8735741,3421,142.2007036,200.5246778
KTC025,Conventional,198.0793574,14.8735741,3421,168.9173703,227.2413445
KTC026,Conventional,172.9960241,14.8735741,3421,143.8340369,202.1580112
KTC027,Conventional,162.8538453,18.13828515,3421,127.2908774,198.4168132
KTC028,Conventional,147.7691526,16.25799945,3421,115.8927813,179.6455239
KTC029,Conventional,147.0803815,18.16673124,3421,111.4616405,182.6991224
KTC030,Conventional,144.7053815,18.16673124,3421,109.0866405,180.3241224
KTC031,Conventional,167.6303815,18.16673124,3421,132.0116405,203.2491224
KTC032,Conventional,154.5303815,18.16673124,3421,118.9116405,190.1491224
KTC050,Conventional,158.0460241,14.8735741,3421,128.8840369,187.2080112
NREC01,Conventional,169.5913385,10.5051027,3421,148.9944283,190.1882487
NREC02,Conventional,163.2813385,10.5051027,3421,142.6844283,183.8782487
NREC03,Conventional,185.7855052,10.5051027,3421,165.188595,206.3824153
NREC04,Conventional,162.4705052,10.5051027,3421,141.873595,183.0674153
NREC05,Conventional,173.8440708,11.49186397,3421,151.3124596,196.375682
NREC06,Conventional,162.2746718,10.5051027,3421,141.6777617,182.871582
NREC07,Conventional,164.3363385,10.5051027,3421,143.7394283,184.9332487
NREC08,Conventional,138.8126907,14.8735741,3421,109.6507036,167.9746778
NREC09,Conventional,171.4655052,10.5051027,3421,150.868595,192.0624153
NREC10,Conventional,165.6563385,10.5051027,3421,145.0594283,186.2532487
NREC11,Conventional,165.6813385,10.5051027,3421,145.0844283,186.2782487
NREC12,Conventional,156.5888385,10.5051027,3421,135.9919283,177.1857487
PH4211,Conventional,187.856677,16.24704904,3421,156.0017757,219.7115783
PH5141,Conventional,168.626677,16.24704904,3421,136.7717757,200.4815783
PH6878,Conventional,194.9498629,12.10550303,3421,171.2151156,218.6846103
PHG39*SPT,Conventional,181.9293574,14.8735741,3421,152.7673703,211.0913445
PHW52*SPT,Conventional,159.6126907,14.8735741,3421,130.4507036,188.7746778
UIUC3X001,Conventional,150.6126907,14.8735741,3421,121.4507036,179.7746778
UIUC3X002,Conventional,154.7293574,14.8735741,3421,125.5673703,183.8913445
UIUC3X003,Conventional,159.2126907,14.8735741,3421,130.0507036,188.3746778
UIUC3X004,Conventional,166.7293574,14.8735741,3421,137.5673703,195.8913445
UIUC3X005,Conventional,166.6960241,14.8735741,3421,137.5340369,195.8580112
UIUC500,Conventional,170.8872639,9.123704138,3421,152.9988034,188.7757243
UIUC502,Conventional,194.2946271,7.558224921,3421,179.4755355,209.1137188
UIUC515,Conventional,169.2427604,11.71098988,3421,146.2815183,192.2040025
UIUC518,Conventional,150.1992966,11.20080515,3421,128.238352,172.1602411
UIUC523,Conventional,173.4693476,11.71681027,3421,150.4966937,196.4420015
UIUC524,Conventional,187.0121532,7.558224921,3421,172.1930616,201.8312449
UIUC526,Conventional,146.1681804,11.71098988,3421,123.2069383,169.1294225
UIUC53,Conventional,164.1793574,14.8735741,3421,135.0173703,193.3413445
UIUC539,Conventional,151.8621511,11.20080515,3421,129.9012066,173.8230956
VIKING51,Conventional,196.4855534,3.119790446,3421,190.3687124,202.6023945
VIKING72,Conventional,203.9392638,6.422894125,3421,191.3461672,216.5323604
AM2500,Organic,101.3496048,18.09876151,3421,65.86412923,136.8350804
BR59H44,Organic,170.9030332,7.554217056,3421,156.0917996,185.7142668
BR64K93,Organic,158.0971048,18.09876151,3421,122.6116292,193.5825804
BR65G55,Organic,148.1096185,14.86492597,3421,118.9645874,177.2546496
BR70A47,Organic,166.0596185,14.86492597,3421,136.9145874,195.2046496
ILORG0004,Organic,166.5952474,14.82615191,3421,137.526239,195.6642559
ISUORG001,Organic,166.4426971,11.20597858,3421,144.4716092,188.4137849
ISUORG002,Organic,177.7602425,11.20597858,3421,155.7891547,199.7313304
ISUORG003,Organic,128.9615607,11.20597858,3421,106.9904729,150.9326486
ISUORG004,Organic,112.7236607,11.20597858,3421,90.75257286,134.6947486
ISUORG005,Organic,138.0563607,11.20597858,3421,116.0852729,160.0274486
ISUORG006,Organic,153.8214334,11.20597858,3421,131.8503456,175.7925213
ISUORG007,Organic,158.4605243,11.20597858,3421,136.4894365,180.4316122
ISUORG008,Organic,156.6971062,11.20597858,3421,134.7260183,178.668194
ISUORG009,Organic,161.8192062,11.20597858,3421,139.8481183,183.790294
ISUORG010,Organic,133.572788,11.20597858,3421,111.6017001,155.5438758
ISUORG011,Organic,150.5657607,11.20597858,3421,128.5946729,172.5368486
ISUORG012,Organic,131.4768516,11.20597858,3421,109.5057638,153.4479395
ISUORG013,Organic,157.4441971,11.20597858,3421,135.4731092,179.4152849
ISUORG014,Organic,142.9359971,11.20597858,3421,120.9649092,164.9070849
ISUORG015,Organic,101.6695971,11.20597858,3421,79.69850922,123.6406849
ISUORG016,Organic,114.1583607,11.20597858,3421,92.18727286,136.1294486
ISUORG017,Organic,151.2068854,8.873202103,3421,133.8095737,168.6041972
ISUORG018,Organic,134.1240698,11.20597858,3421,112.152982,156.0951576
ISUORG019,Organic,100.129288,11.20597858,3421,78.15820013,122.1003758
ISUORG020,Organic,112.2702442,8.873202103,3421,94.87293249,129.667556
ISUORG021,Organic,145.2369516,11.20597858,3421,123.2658638,167.2080395
ISUORG022,Organic,138.6480114,7.554217056,3421,123.8367778,153.4592451
ISUORG023,Organic,140.8032062,11.20597858,3421,118.8321183,162.774294
ISUORG024,Organic,103.4698607,11.20597858,3421,81.49877286,125.4409486
ISUORG025,Organic,106.7931207,8.873202103,3421,89.39580896,124.1904325
ISUORG026,Organic,99.75542434,11.20597858,3421,77.7843365,121.7265122
ISUORG027,Organic,134.2009607,11.20597858,3421,112.2298729,156.1720486
ISUORG028,Organic,148.6429698,11.20597858,3421,126.671882,170.6140576
ISUORG029,Organic,126.8079516,11.20597858,3421,104.8368638,148.7790395
ISUORG030,Organic,72.17936071,11.20597858,3421,50.20827286,94.15044855
ISUORG031,Organic,52.06882434,11.20597858,3421,30.0977365,74.03991219
ISUORG032,Organic,137.2621607,11.20597858,3421,115.2910729,159.2332486
ISUORG033,Organic,143.6440698,11.20597858,3421,121.672982,165.6151576
ISUORG034,Organic,82.98504252,11.20597858,3421,61.01395468,104.9561304
ISUORG035,Organic,39.86121525,11.20597858,3421,17.89012741,61.8323031
ISUORG036,Organic,83.47137889,11.20597858,3421,61.50029104,105.4424667
ISUORG037,Organic,150.0898607,11.20597858,3421,128.1187729,172.0609486
ISUORG038,Organic,129.6762425,11.20597858,3421,107.7051547,151.6473304
ISUORG039,Organic,141.4509153,11.20597858,3421,119.4798274,163.4220031
ISUORG040,Organic,74.64647889,11.20597858,3421,52.67539104,96.61756673
ISUORG041,Organic,115.5394516,11.20597858,3421,93.56836377,137.5105395
ISUORG042,Organic,167.9066698,11.20597858,3421,145.935582,189.8777576
ISUORG043,Organic,141.1537607,11.20597858,3421,119.1826729,163.1248486
ISUORG044,Organic,93.69157889,11.20597858,3421,71.72049104,115.6626667
ISUORG045,Organic,97.12357889,11.20597858,3421,75.15249104,119.0946667
ISUORG046,Organic,92.38413343,11.20597858,3421,70.41304559,114.3552213
ISUORG047,Organic,142.9639698,11.20597858,3421,120.992882,164.9350576
ISUORG048,Organic,149.3632789,11.20597858,3421,127.392191,171.3343667
ISUORG049,Organic,102.3014937,16.35749673,3421,70.23004233,134.3729451
ISUORG050,Organic,124.0704971,14.97847695,3421,94.70283135,153.4381628
ISUORG051,Organic,114.7439516,11.20597858,3421,92.77286377,136.7150395
ISUORG052,Organic,151.7666153,11.20597858,3421,129.7955274,173.7377031
ISUORG053,Organic,114.2478425,11.20597858,3421,92.27675468,136.2189304
ISUORG054,Organic,133.2990607,11.20597858,3421,111.3279729,155.2701486
ISUORG055,Organic,96.39436071,11.20597858,3421,74.42327286,118.3654486
ISUORG056,Organic,159.9423516,11.20597858,3421,137.9712638,181.9134395
ISUORG057,Organic,68.81159707,11.20597858,3421,46.84050922,90.78268491
ISUORG058,Organic,79.15047889,11.20597858,3421,57.17939104,101.1215667
ISUORG059,Organic,118.9233995,13.91001061,3421,91.65063046,146.1961684
ISUORG060,Organic,103.3095971,11.20597858,3421,81.33850922,125.2806849
ISUORG061,Organic,150.760488,11.20597858,3421,128.7894001,172.7315758
ISUORG062,Organic,132.1615516,11.20597858,3421,110.1904638,154.1326395
ISUORG063,Organic,90.63361525,11.20597858,3421,68.66252741,112.6047031
ISUORG064,Organic,73.86004252,11.20597858,3421,51.88895468,95.83113037
ISUORG065,Organic,116.8412607,11.20597858,3421,94.87017286,138.8123486
ISUORG066,Organic,125.1812607,11.20597858,3421,103.2101729,147.1523486
ISUORG067,Organic,95.08128798,11.20597858,3421,73.11020013,117.0523758
ISUORG068,Organic,139.8040752,8.850373912,3421,122.4515217,157.1566287
ISUORG069,Organic,153.0497854,7.554217056,3421,138.2385517,167.861019
ISUORG070,Organic,71.49445161,11.20597858,3421,49.52336377,93.46553946
ISUORG071,Organic,92.47042434,11.20597858,3421,70.4993365,114.4415122
ISUORG072,Organic,105.8242243,11.20597858,3421,83.8531365,127.7953122
ISUORG073,Organic,125.9462698,11.20597858,3421,103.975182,147.9173576
ISUORG074,Organic,109.8041137,13.91001061,3421,82.53134474,137.0768827
ISUORG075,Organic,133.0316425,11.20597858,3421,111.0605547,155.0027304
ISUORG076,Organic,119.1518682,11.72555555,3421,96.16206777,142.1416686
ISUORG077,Organic,88.91299945,13.91001061,3421,61.64023046,116.1857684
ISUORG078,Organic,106.786588,11.20597858,3421,84.81550013,128.7576758
ISUORG079,Organic,119.5283334,11.20597858,3421,97.55724559,141.4994213
ISUORG080,Organic,1.515878888,11.20597858,3421,-20.45520896,23.48696673
ISUORG081,Organic,128.0784698,11.20597858,3421,106.107382,150.0495576
ISUORG082,Organic,90.88549707,11.20597858,3421,68.91440922,112.8565849
ISUORG083,Organic,103.2744425,11.20597858,3421,81.30335468,125.2455304
ISUORG084,Organic,126.7119141,14.82615191,3421,97.64290562,155.7809225
ISUORG085,Organic,133.7735807,14.82615191,3421,104.7045723,162.8425892
ISUORG086,Organic,102.5752474,14.82615191,3421,73.50623895,131.6442559
ISUORG087,Organic,81.50691407,14.82615191,3421,52.43790562,110.5759225
ISUORG088,Organic,99.09191407,14.82615191,3421,70.02290562,128.1609225
ISUORG089,Organic,79.57691407,14.82615191,3421,50.50790562,108.6459225
ISUORG090,Organic,142.3096185,14.86492597,3421,113.1645874,171.4546496
ISUORG091,Organic,143.0429518,14.86492597,3421,113.8979207,172.1879829
ISUORG092,Organic,145.8762852,14.86492597,3421,116.7312541,175.0213163
ISUORG095,Organic,98.08191407,14.82615191,3421,69.01290562,127.1509225
ISUORG098,Organic,134.6585807,14.82615191,3421,105.5895723,163.7275892
ISUORG099,Organic,124.9096185,14.86492597,3421,95.7645874,154.0546496
ISUORG100,Organic,156.4596185,14.86492597,3421,127.3145874,185.6046496
ISUORG101,Organic,134.8262852,14.86492597,3421,105.6812541,163.9713163
ISUORG102,Organic,127.9929518,14.86492597,3421,98.84792074,157.1379829
ISUORG103,Organic,139.0096185,14.86492597,3421,109.8645874,168.1546496
ISUORG104,Organic,143.6429518,14.86492597,3421,114.4979207,172.7879829
ISUORG105,Organic,135.1262852,14.86492597,3421,105.9812541,164.2713163
ISUORG106,Organic,121.2929518,14.86492597,3421,92.14792074,150.4379829
ISUORG107,Organic,153.4929518,14.86492597,3421,124.3479207,182.6379829
ISUORG108,Organic,148.9429518,14.86492597,3421,119.7979207,178.0879829
ISUORG109,Organic,119.1460804,16.25644565,3421,87.27275551,151.0194052
ISUORG110,Organic,134.1596185,14.86492597,3421,105.0145874,163.3046496
ISUORG111,Organic,148.5262852,14.86492597,3421,119.3812541,177.6713163
ISUORG112,Organic,154.9929518,14.86492597,3421,125.8479207,184.1379829
ISUORG113,Organic,142.8429518,14.86492597,3421,113.6979207,171.9879829
ISUORG114,Organic,132.3429518,14.86492597,3421,103.1979207,161.4879829
ISUORG115,Organic,117.6096185,14.86492597,3421,88.4645874,146.7546496
ISUORG116,Organic,149.3596185,14.86492597,3421,120.2145874,178.5046496
ISUORG117,Organic,133.9929518,14.86492597,3421,104.8479207,163.1379829
ISUORG118,Organic,141.3929518,14.86492597,3421,112.2479207,170.5379829
ISUORG119,Organic,151.5429518,14.86492597,3421,122.3979207,180.6879829
ISUORG120,Organic,151.5596185,14.86492597,3421,122.4145874,180.7046496
ISUORG121,Organic,134.0596185,14.86492597,3421,104.9145874,163.2046496
ISUORG122,Organic,149.5762852,14.86492597,3421,120.4312541,178.7213163
ISUORG123,Organic,124.9429518,14.86492597,3421,95.79792074,154.0879829
ISUORG124,Organic,142.9929518,14.86492597,3421,113.8479207,172.1379829
ISUORG125,Organic,142.4762852,14.86492597,3421,113.3312541,171.6213163
ISUORG126,Organic,125.9929518,14.86492597,3421,96.84792074,155.1379829
ISUORG127,Organic,111.9429518,14.86492597,3421,82.79792074,141.0879829
ISUORG128,Organic,134.1929518,14.86492597,3421,105.0479207,163.3379829
ISUORG129,Organic,142.9262852,14.86492597,3421,113.7812541,172.0713163
ISUORG130,Organic,138.2096185,14.86492597,3421,109.0645874,167.3546496
ISUORG131,Organic,133.1905425,11.20597858,3421,111.2194547,155.1616304
ISUORG132,Organic,79.36560616,11.20597858,3421,57.39451832,101.336694
ISUORG133,Organic,105.3569141,14.82615191,3421,76.28790562,134.4259225
ISUORG134,Organic,122.5702474,14.82615191,3421,93.50123895,151.6392559
ISUORG135,Organic,112.6769141,14.82615191,3421,83.60790562,141.7459225
ISUORG136,Organic,124.0819141,14.82615191,3421,95.01290562,153.1509225
ISUORG137,Organic,89.45691407,14.82615191,3421,60.38790562,118.5259225
ISUORG138,Organic,128.3852474,14.82615191,3421,99.31623895,157.4542559
ISUORG139,Organic,110.7552474,14.82615191,3421,81.68623895,139.8242559
ISUORG140,Organic,149.2319141,14.82615191,3421,120.1629056,178.3009225
ISUORG141,Organic,141.4469141,14.82615191,3421,112.3779056,170.5159225
ISUORG142,Organic,132.8485807,14.82615191,3421,103.7795723,161.9175892
ISUORG143,Organic,144.8602474,14.82615191,3421,115.791239,173.9292559
ISUORG144,Organic,129.2685807,14.82615191,3421,100.1995723,158.3375892
ISUORG145,Organic,133.5819141,14.82615191,3421,104.5129056,162.6509225
ISUORG146,Organic,133.1035807,14.82615191,3421,104.0345723,162.1725892
ISUORG147,Organic,115.9185807,14.82615191,3421,86.84957229,144.9875892
ISUORG148,Organic,133.4019141,14.82615191,3421,104.3329056,162.4709225
ISUORG149,Organic,117.5285807,14.82615191,3421,88.45957229,146.5975892
ISUORG150,Organic,132.3630687,18.11400638,3421,96.84770317,167.8784342
ISUORG151,Organic,134.6880687,18.11400638,3421,99.17270317,170.2034342
ISUORG152,Organic,102.5130687,18.11400638,3421,66.99770317,138.0284342
ISUORG153,Organic,85.1130687,18.11400638,3421,49.59770317,120.6284342
ISUORG154,Organic,103.3630687,18.11400638,3421,67.84770317,138.8784342
ISUORG155,Organic,113.7869141,14.82615191,3421,84.71790562,142.8559225
ISUORG156,Organic,113.4703759,16.22114133,3421,81.66627077,145.2744811
ISUORG157,Organic,147.1880687,18.11400638,3421,111.6727032,182.7034342
ISUORG158,Organic,93.2630687,18.11400638,3421,57.74770317,128.7784342
ISUORG159,Organic,112.4630687,18.11400638,3421,76.94770317,147.9784342
ISUORG160,Organic,104.6880687,18.11400638,3421,69.17270317,140.2034342
ISUORG161,Organic,120.4143759,16.22114133,3421,88.61027077,152.2184811
ISUORG162,Organic,108.1285807,14.82615191,3421,79.05957229,137.1975892
ISUORG163,Organic,143.5569141,14.82615191,3421,114.4879056,172.6259225
ISUORG164,Organic,144.8446532,11.07619829,3421,123.1280201,166.5612863
ISUORG165,Organic,123.8762852,14.86492597,3421,94.73125407,153.0213163
ISUORG166,Organic,152.7596185,10.62702714,3421,131.9236562,173.5955808
ISUORG167,Organic,154.8331615,8.634984774,3421,137.9029123,171.7634106
ISUORG168,Organic,150.8429518,14.86492597,3421,121.6979207,179.9879829
ISUORG169,Organic,155.0262852,14.86492597,3421,125.8812541,184.1713163
ISUORG170,Organic,167.3762852,14.86492597,3421,138.2312541,196.5213163
ISUORG171,Organic,153.7096185,14.86492597,3421,124.5645874,182.8546496
ISUORG172,Organic,150.8762852,14.86492597,3421,121.7312541,180.0213163
ISUORG173,Organic,148.1262852,14.86492597,3421,118.9812541,177.2713163
ISUORG174,Organic,178.2262852,14.86492597,3421,149.0812541,207.3713163
ISUORG175,Organic,152.3429518,14.86492597,3421,123.1979207,181.4879829
ISUORG176,Organic,168.0429518,14.86492597,3421,138.8979207,197.1879829
ISUORG177,Organic,137.7262852,14.86492597,3421,108.5812541,166.8713163
ISUORG178,Organic,148.5762852,14.86492597,3421,119.4312541,177.7213163
ISUORG179,Organic,160.4096185,14.86492597,3421,131.2645874,189.5546496
ISUORG180,Organic,149.5429518,14.86492597,3421,120.3979207,178.6879829
ISUORG181,Organic,127.6929518,14.86492597,3421,98.54792074,156.8379829
ISUORG182,Organic,156.4096185,14.86492597,3421,127.2645874,185.5546496
ISUORG183,Organic,154.3762852,14.86492597,3421,125.2312541,183.5213163
ISUORG184,Organic,146.1762852,14.86492597,3421,117.0312541,175.3213163
ISUORG185,Organic,156.2262852,14.86492597,3421,127.0812541,185.3713163
ISUORG186,Organic,149.6762852,14.86492597,3421,120.5312541,178.8213163
ISUORG187,Organic,147.4596185,14.86492597,3421,118.3145874,176.6046496
ISUORG188,Organic,149.5929518,14.86492597,3421,120.4479207,178.7379829
ISUORG189,Organic,147.5596185,14.86492597,3421,118.4145874,176.7046496
ISUORG190,Organic,156.6762852,14.86492597,3421,127.5312541,185.8213163
ISUORG191,Organic,168.3096185,14.86492597,3421,139.1645874,197.4546496
ISUORG192,Organic,124.5929518,14.86492597,3421,95.44792074,153.7379829
ISUORG193,Organic,135.4429518,14.86492597,3421,106.2979207,164.5879829
ISUORG194,Organic,133.8096185,14.86492597,3421,104.6645874,162.9546496
ISUORG195,Organic,145.2262852,14.86492597,3421,116.0812541,174.3713163
ISUORG196,Organic,130.1596185,14.86492597,3421,101.0145874,159.3046496
ISUORG197,Organic,129.8429518,14.86492597,3421,100.6979207,158.9879829
ISUORG198,Organic,135.5429518,14.86492597,3421,106.3979207,164.6879829
ISUORG199,Organic,158.7429518,14.86492597,3421,129.5979207,187.8879829
ISUORG200,Organic,151.2762852,14.86492597,3421,122.1312541,180.4213163
ISUORG201,Organic,149.5096185,14.86492597,3421,120.3645874,178.6546496
ISUORG202,Organic,82.90993295,10.49451442,3421,62.33378277,103.4860831
ISUORG203,Organic,123.5085807,14.82615191,3421,94.43957229,152.5775892
ISUORG204,Organic,161.7762852,14.86492597,3421,132.6312541,190.9213163
ISUORG205,Organic,106.6035807,14.82615191,3421,77.53457229,135.6725892
ISUORG206,Organic,69.37191407,14.82615191,3421,40.30290562,98.44092252
ISUORG207,Organic,140.2972757,7.547337116,3421,125.4995313,155.0950201
ISUORG208,Organic,127.3485807,14.82615191,3421,98.27957229,156.4175892
ISUORG209,Organic,132.0889904,16.21337729,3421,100.3001078,163.8778729
ISUORG210,Organic,123.7802474,14.82615191,3421,94.71123895,152.8492559
ISUORG211,Organic,139.3102474,14.82615191,3421,110.241239,168.3792559
ISUORG212,Organic,109.7019141,14.82615191,3421,80.63290562,138.7709225
ISUORG213,Organic,106.8969141,14.82615191,3421,77.82790562,135.9659225
ISUORG214,Organic,128.4669141,14.82615191,3421,99.39790562,157.5359225
ISUORG215,Organic,102.7035807,14.82615191,3421,73.63457229,131.7725892
ISUORG216,Organic,124.6502474,14.82615191,3421,95.58123895,153.7192559
ISUORG217,Organic,120.3569141,14.82615191,3421,91.28790562,149.4259225
ISUORG218,Organic,133.5569141,14.82615191,3421,104.4879056,162.6259225
ISUORG219,Organic,142.427433,10.49451442,3421,121.8512828,163.0035831
ISUORG220,Organic,117.5219141,14.82615191,3421,88.45290562,146.5909225
ISUORG221,Organic,115.7569141,14.82615191,3421,86.68790562,144.8259225
ISUORG222,Organic,108.1635807,14.82615191,3421,79.09457229,137.2325892
ISUORG223,Organic,103.8719141,14.82615191,3421,74.80290562,132.9409225
ISUORG224,Organic,128.6885807,14.82615191,3421,99.61957229,157.7575892
ISUORG225,Organic,107.4519141,14.82615191,3421,78.38290562,136.5209225
ISUORG226,Organic,125.9635807,14.82615191,3421,96.89457229,155.0325892
ISUORG227,Organic,125.4429518,14.86492597,3421,96.29792074,154.5879829
ISUORG228,Organic,113.4335807,14.82615191,3421,84.36457229,142.5025892
ISUORG229,Organic,120.4552474,14.82615191,3421,91.38623895,149.5242559
ISUORG230,Organic,125.2552474,14.82615191,3421,96.18623895,154.3242559
ISUORG231,Organic,119.2252474,14.82615191,3421,90.15623895,148.2942559
ISUORG232,Organic,136.787433,10.49451442,3421,116.2112828,157.3635831
ISUORG233,Organic,124.8102474,14.82615191,3421,95.74123895,153.8792559
ISUORG234,Organic,125.6469141,14.82615191,3421,96.57790562,154.7159225
ISUORG235,Organic,112.9219141,14.82615191,3421,83.85290562,141.9909225
ISUORG236,Organic,124.8952474,14.82615191,3421,95.82623895,153.9642559
ISUORG237,Organic,103.9485807,14.82615191,3421,74.87957229,133.0175892
ISUORG238,Organic,101.9985807,14.82615191,3421,72.92957229,131.0675892
ISUORG239,Organic,97.06858074,14.82615191,3421,67.99957229,126.1375892
ISUORG240,Organic,108.8707663,10.49451442,3421,88.2946161,129.4469165
ISUORG241,Organic,107.7252474,14.82615191,3421,78.65623895,136.7942559
ISUORG242,Organic,116.4869141,14.82615191,3421,87.41790562,145.5559225
ISUORG243,Organic,111.8285807,14.82615191,3421,82.75957229,140.8975892
ISUORG244,Organic,117.502433,10.49451442,3421,96.92628277,138.0785831
ISUORG245,Organic,112.2352474,14.82615191,3421,83.16623895,141.3042559
ISUORG246,Organic,121.5919141,14.82615191,3421,92.52290562,150.6609225
ISUORG247,Organic,106.6469141,14.82615191,3421,77.57790562,135.7159225
ISUORG248,Organic,97.82191407,14.82615191,3421,68.75290562,126.8909225
ISUORG249,Organic,103.8752474,14.82615191,3421,74.80623895,132.9442559
ISUORG250,Organic,108.0969141,14.82615191,3421,79.02790562,137.1659225
ISUORG251,Organic,104.1985807,14.82615191,3421,75.12957229,133.2675892
ISUORG252,Organic,113.8235807,14.82615191,3421,84.75457229,142.8925892
ISUORG253,Organic,150.053717,8.634984774,3421,133.1234679,166.9839662
ISUORG254,Organic,142.1096185,14.86492597,3421,112.9645874,171.2546496
ISUORG255,Organic,138.1596185,14.86492597,3421,109.0145874,167.3046496
ISUORG256,Organic,125.944933,10.49451442,3421,105.3687828,146.5210831
ISUORG257,Organic,125.2429518,14.86492597,3421,96.09792074,154.3879829
ISUORG258,Organic,115.9402474,14.82615191,3421,86.87123895,145.0092559
ISUORG259,Organic,109.282433,10.49451442,3421,88.70628277,129.8585831
ISUORG260,Organic,109.1219141,14.82615191,3421,80.05290562,138.1909225
ISUORG261,Organic,146.0096185,14.86492597,3421,116.8645874,175.1546496
ISUORG262,Organic,138.1096185,14.86492597,3421,108.9645874,167.2546496
ISUORG263,Organic,78.96358074,14.82615191,3421,49.89457229,108.0325892
ISUORG264,Organic,124.3429518,14.86492597,3421,95.19792074,153.4879829
ISUORG265,Organic,107.2102474,14.82615191,3421,78.14123895,136.2792559
ISUORG266,Organic,118.5735807,14.82615191,3421,89.50457229,147.6425892
ISUORG267,Organic,147.1929518,14.86492597,3421,118.0479207,176.3379829
ISUORG268,Organic,136.8762852,14.86492597,3421,107.7312541,166.0213163
ISUORG269,Organic,117.5319141,14.82615191,3421,88.46290562,146.6009225
ISUORG270,Organic,125.4762852,14.86492597,3421,96.33125407,154.6213163
ISUORG271,Organic,136.9335807,14.82615191,3421,107.8645723,166.0025892
ISUORG272,Organic,112.0463759,16.22114133,3421,80.24227077,143.8504811
ISUORG273,Organic,98.4202474,14.82615191,3421,69.35123895,127.4892559
ISUORG274,Organic,137.5902474,14.82615191,3421,108.521239,166.6592559
ISUORG275,Organic,140.5096185,14.86492597,3421,111.3645874,169.6546496
ISUORG276,Organic,140.7762852,14.86492597,3421,111.6312541,169.9213163
ISUORG277,Organic,121.6762852,14.86492597,3421,92.53125407,150.8213163
ISUORG278,Organic,119.1119141,14.82615191,3421,90.04290562,148.1809225
ISUORG279,Organic,127.2262852,14.86492597,3421,98.08125407,156.3713163
ISUORG280,Organic,108.6019141,14.82615191,3421,79.53290562,137.6709225
ISUORG281,Organic,143.0096185,14.86492597,3421,113.8645874,172.1546496
ISUORG282,Organic,92.7052474,14.82615191,3421,63.63623895,121.7742559
ISUORG283,Organic,135.5385807,14.82615191,3421,106.4695723,164.6075892
ISUORG284,Organic,134.3260804,16.25644565,3421,102.4527555,166.1994052
ISUORG285,Organic,135.3262852,14.86492597,3421,106.1812541,164.4713163
ISUORG286,Organic,115.1429518,14.86492597,3421,85.99792074,144.2879829
ISUORG287,Organic,131.8452474,14.82615191,3421,102.776239,160.9142559
ISUORG288,Organic,145.8096185,14.86492597,3421,116.6645874,174.9546496
ISUORG289,Organic,130.6802474,14.82615191,3421,101.611239,159.7492559
ISUORG290,Organic,125.1596185,14.86492597,3421,96.0145874,154.3046496
ISUORG291,Organic,132.4019141,14.82615191,3421,103.3329056,161.4709225
ISUORG292,Organic,88.69858074,14.82615191,3421,59.62957229,117.7675892
ISUORG293,Organic,142.1802474,14.82615191,3421,113.111239,171.2492559
ISUORG294,Organic,142.4762852,14.86492597,3421,113.3312541,171.6213163
ISUORG295,Organic,138.0929518,14.86492597,3421,108.9479207,167.2379829
ISUORG296,Organic,105.0552474,14.82615191,3421,75.98623895,134.1242559
ISUORG297,Organic,121.4429518,14.86492597,3421,92.29792074,150.5879829
ISUORG298,Organic,124.8585807,14.82615191,3421,95.78957229,153.9275892
ISUORG299,Organic,135.7429518,14.86492597,3421,106.5979207,164.8879829
ISUORG300,Organic,102.9635807,14.82615191,3421,73.89457229,132.0325892
ISUORG301,Organic,128.6135807,14.82615191,3421,99.54457229,157.6825892
ISUORG302,Organic,141.2262852,14.86492597,3421,112.0812541,170.3713163
ISUORG303,Organic,138.5096185,14.86492597,3421,109.3645874,167.6546496
ISUORG304,Organic,86.69295184,14.86492597,3421,57.54792074,115.8379829
ISUORG305,Organic,126.8435807,14.82615191,3421,97.77457229,155.9125892
ISUORG306,Organic,112.6762852,14.86492597,3421,83.53125407,141.8213163
ISUORG307,Organic,126.7485807,14.82615191,3421,97.67957229,155.8175892
ISUORG308,Organic,119.1929518,14.86492597,3421,90.04792074,148.3379829
ISUORG309,Organic,79.62191407,14.82615191,3421,50.55290562,108.6909225
ISUORG310,Organic,143.5352474,14.82615191,3421,114.466239,172.6042559
ISUORG311,Organic,142.5262852,14.86492597,3421,113.3812541,171.6713163
ISUORG312,Organic,123.5762852,14.86492597,3421,94.43125407,152.7213163
ISUORG313,Organic,141.8602474,14.82615191,3421,112.791239,170.9292559
ISUORG314,Organic,151.9929518,14.86492597,3421,122.8479207,181.1379829
ISUORG315,Organic,119.4052474,14.82615191,3421,90.33623895,148.4742559
ISUORG316,Organic,132.4596185,14.86492597,3421,103.3145874,161.6046496
ISUORG317,Organic,123.4735807,14.82615191,3421,94.40457229,152.5425892
ISUORG318,Organic,94.09191407,14.82615191,3421,65.02290562,123.1609225
ISUORG319,Organic,100.8885807,14.82615191,3421,71.81957229,129.9575892
ISUORG320,Organic,141.9096185,14.86492597,3421,112.7645874,171.0546496
ISUORG321,Organic,116.2929518,14.86492597,3421,87.14792074,145.4379829
ISUORG322,Organic,84.5602474,14.82615191,3421,55.49123895,113.6292559
ISUORG323,Organic,136.0596185,14.86492597,3421,106.9145874,165.2046496
ISUORG324,Organic,143.3096185,14.86492597,3421,114.1645874,172.4546496
ISUORG325,Organic,91.0352474,14.82615191,3421,61.96623895,120.1042559
ISUORG326,Organic,62.03691407,14.82615191,3421,32.96790562,91.10592252
ISUORG327,Organic,35.17358074,14.82615191,3421,6.104572286,64.24258919
ISUORG328,Organic,148.2596185,14.86492597,3421,119.1145874,177.4046496
ISUORG329,Organic,130.6645082,10.95756423,3421,109.1804759,152.1485406
ISUORG330,Organic,155.8429518,14.86492597,3421,126.6979207,184.9879829
ISUORG331,Organic,134.5685807,14.82615191,3421,105.4995723,163.6375892
ISUORG332,Organic,113.2735807,14.82615191,3421,84.20457229,142.3425892
ISUORG333,Organic,116.9969141,14.82615191,3421,87.92790562,146.0659225
ISUORG334,Organic,115.5985807,14.82615191,3421,86.52957229,144.6675892
ISUORG335,Organic,108.2702474,14.82615191,3421,79.20123895,137.3392559
ISUORG336,Organic,117.4652474,14.82615191,3421,88.39623895,146.5342559
ISUORG337,Organic,125.9385807,14.82615191,3421,96.86957229,155.0075892
ISUORG338,Organic,112.0307663,10.49451442,3421,91.4546161,132.6069165
ISUORG339,Organic,130.9207296,8.770571998,3421,113.7246404,148.1168189
ISUORG340,Organic,129.9762852,14.86492597,3421,100.8312541,159.1213163
ISUORG341,Organic,122.6429518,14.86492597,3421,93.49792074,151.7879829
ISUORG342,Organic,149.6929518,14.86492597,3421,120.5479207,178.8379829
ISUORG343,Organic,116.3429518,14.86492597,3421,87.19792074,145.4879829
ISUORG344,Organic,85.35961851,14.86492597,3421,56.2145874,114.5046496
ISUORG345,Organic,129.4596185,14.86492597,3421,100.3145874,158.6046496
ISUORG346,Organic,133.2429518,14.86492597,3421,104.0979207,162.3879829
ISUORG347,Organic,106.6096185,14.86492597,3421,77.4645874,135.7546496
ISUORG348,Organic,149.792433,10.49451442,3421,129.2162828,170.3685831
ISUORG349,Organic,142.4035807,14.82615191,3421,113.3345723,171.4725892
ISUORG350,Organic,125.1202474,14.82615191,3421,96.05123895,154.1892559
ISUORG351,Organic,128.8652474,14.82615191,3421,99.79623895,157.9342559
ISUORG352,Organic,107.2432663,10.49451442,3421,86.6671161,127.8194165
ISUORG353,Organic,125.1352474,14.82615191,3421,96.06623895,154.2042559
ISUORG354,Organic,130.8429518,14.86492597,3421,101.6979207,159.9879829
ISUORG355,Organic,127.3315996,10.49451442,3421,106.7554494,147.9077498
ISUORG356,Organic,141.4266948,16.24912722,3421,109.5677189,173.2856707
ISUORG357,Organic,160.8262852,14.86492597,3421,131.6812541,189.9713163
ISUORG358,Organic,116.6596185,14.86492597,3421,87.5145874,145.8046496
ISUORG359,Organic,35.82608036,16.25644565,3421,3.952755515,67.6994052
ISUORG360,Organic,152.6012852,10.62702714,3421,131.7653229,173.4372474
ISUORG361,Organic,136.9596185,14.86492597,3421,107.8145874,166.1046496
ISUORG362,Organic,138.3096185,14.86492597,3421,109.1645874,167.4546496
ISUORG363,Organic,131.7929518,14.86492597,3421,102.6479207,160.9379829
ISUORG364,Organic,144.8596185,14.86492597,3421,115.7145874,174.0046496
ISUORG365,Organic,111.3762852,14.86492597,3421,82.23125407,140.5213163
ISUORG366,Organic,142.5429518,14.86492597,3421,113.3979207,171.6879829
ISUORG367,Organic,99.27628517,14.86492597,3421,70.13125407,128.4213163
ISUORG368,Organic,135.1262852,14.86492597,3421,105.9812541,164.2713163
ISUORG369,Organic,147.6929518,14.86492597,3421,118.5479207,176.8379829
ISUORG370,Organic,121.1096185,14.86492597,3421,91.9645874,150.2546496
ISUORG371,Organic,158.197433,10.49451442,3421,137.6212828,178.7735831
ISUORG372,Organic,153.2652474,14.82615191,3421,124.196239,182.3342559
ISUORG373,Organic,162.2762852,14.86492597,3421,133.1312541,191.4213163
ISUORG374,Organic,133.6569141,14.82615191,3421,104.5879056,162.7259225
ISUORG375,Organic,131.2519141,14.82615191,3421,102.1829056,160.3209225
ISUORG376,Organic,118.4652474,14.82615191,3421,89.39623895,147.5342559
ISUORG377,Organic,155.3513335,8.869778306,3421,137.9607346,172.7419324
ISUORG378,Organic,143.4429518,14.86492597,3421,114.2979207,172.5879829
ISUORG379,Organic,122.1262852,14.86492597,3421,92.98125407,151.2713163
ISUORG380,Organic,141.3096185,14.86492597,3421,112.1645874,170.4546496
ISUORG381,Organic,114.1929518,14.86492597,3421,85.04792074,143.3379829
ISUORG382,Organic,134.0762852,14.86492597,3421,104.9312541,163.2213163
ISUORG383,Organic,105.6429518,14.86492597,3421,76.49792074,134.7879829
ISUORG384,Organic,145.4096185,14.86492597,3421,116.2645874,174.5546496
ISUORG385,Organic,131.0919141,14.82615191,3421,102.0229056,160.1609225
ISUORG386,Organic,145.2929518,14.86492597,3421,116.1479207,174.4379829
ISUORG387,Organic,107.1069141,14.82615191,3421,78.03790562,136.1759225
ISUORG388,Organic,116.1262852,14.86492597,3421,86.98125407,145.2713163
ISUORG389,Organic,155.5332663,10.49451442,3421,134.9571161,176.1094165
ISUORG390,Organic,132.6185807,14.82615191,3421,103.5495723,161.6875892
ISUORG391,Organic,122.7569141,14.82615191,3421,93.68790562,151.8259225
ISUORG392,Organic,137.5185807,14.82615191,3421,108.4495723,166.5875892
ISUORG393,Organic,103.4352474,14.82615191,3421,74.36623895,132.5042559
ISUORG394,Organic,62.51691407,14.82615191,3421,33.44790562,91.58592252
ISUORG396,Organic,142.1552474,14.82615191,3421,113.086239,171.2242559
ISUORG397,Organic,133.1115996,10.49451442,3421,112.5354494,153.6877498
ISUORG398,Organic,120.9869141,14.82615191,3421,91.91790562,150.0559225
ISUORG399,Organic,129.2952474,14.82615191,3421,100.226239,158.3642559
ISUORG400,Organic,107.4852474,14.82615191,3421,78.41623895,136.5542559
ISUORG402,Organic,164.3319141,14.82615191,3421,135.2629056,193.4009225
ISUORG403,Organic,147.8569141,14.82615191,3421,118.7879056,176.9259225
ISUORG404,Organic,126.8602474,14.82615191,3421,97.79123895,155.9292559
ISUORG405,Organic,118.1352474,14.82615191,3421,89.06623895,147.2042559
ISUORG406,Organic,134.3169141,14.82615191,3421,105.2479056,163.3859225
ISUORG407,Organic,131.0335807,14.82615191,3421,101.9645723,160.1025892
ISUORG408,Organic,126.2802474,14.82615191,3421,97.21123895,155.3492559
ISUORG409,Organic,137.9202474,14.82615191,3421,108.851239,166.9892559
ISUORG410,Organic,145.1435807,14.82615191,3421,116.0745723,174.2125892
ISUORG411,Organic,118.0919141,14.82615191,3421,89.02290562,147.1609225
ISUORG412,Organic,137.1652474,14.82615191,3421,108.096239,166.2342559
ISUORG413,Organic,146.4285807,14.82615191,3421,117.3595723,175.4975892
ISUORG414,Organic,158.8215996,10.49451442,3421,138.2454494,179.3977498
ISUORG415,Organic,142.4619141,14.82615191,3421,113.3929056,171.5309225
ISUORG416,Organic,150.2485807,14.82615191,3421,121.1795723,179.3175892
ISUORG417,Organic,124.2769141,14.82615191,3421,95.20790562,153.3459225
ISUORG418,Organic,119.2352474,14.82615191,3421,90.16623895,148.3042559
ISUORG419,Organic,146.4335807,14.82615191,3421,117.3645723,175.5025892
ISUORG420,Organic,132.0735807,14.82615191,3421,103.0045723,161.1425892
ISUORG421,Organic,120.3035807,14.82615191,3421,91.23457229,149.3725892
ISUORG422,Organic,131.1385807,14.82615191,3421,102.0695723,160.2075892
ISUORG423,Organic,133.2835807,14.82615191,3421,104.2145723,162.3525892
ISUORG424,Organic,147.0235807,14.82615191,3421,117.9545723,176.0925892
ISUORG425,Organic,163.397433,10.49451442,3421,142.8212828,183.9735831
ISUORG426,Organic,140.9735807,14.82615191,3421,111.9045723,170.0425892
ISUORG427,Organic,148.0352474,14.82615191,3421,118.966239,177.1042559
ISUORG428,Organic,140.8252474,14.82615191,3421,111.756239,169.8942559
ISUORG429,Organic,139.7002474,14.82615191,3421,110.631239,168.7692559
ISUORG430,Organic,138.8232663,10.49451442,3421,118.2471161,159.3994165
ISUORG431,Organic,143.8069141,14.82615191,3421,114.7379056,172.8759225
ISUORG432,Organic,128.7369141,14.82615191,3421,99.66790562,157.8059225
ISUORG433,Organic,155.4185807,14.82615191,3421,126.3495723,184.4875892
ISUORG434,Organic,135.5735807,14.82615191,3421,106.5045723,164.6425892
ISUORG435,Organic,129.5235807,14.82615191,3421,100.4545723,158.5925892
ISUORG436,Organic,137.2852474,14.82615191,3421,108.216239,166.3542559
ISUORG437,Organic,145.8762852,8.770571998,3421,128.6801959,163.0723744
ISUORG438,Organic,135.957433,10.49451442,3421,115.3812828,156.5335831
ISUORG439,Organic,133.8429518,14.86492597,3421,104.6979207,162.9879829
ISUORG440,Organic,97.85899036,16.21337729,3421,66.07010782,129.6478729
ISUORG441,Organic,124.1929518,14.86492597,3421,95.04792074,153.3379829
ISUORG442,Organic,147.8035807,14.82615191,3421,118.7345723,176.8725892
ISUORG443,Organic,105.7866948,16.24912722,3421,73.92771889,137.6456707
KTC001,Organic,128.6596185,14.86492597,3421,99.5145874,157.8046496
KTC006,Organic,154.0762852,14.86492597,3421,124.9312541,183.2213163
KTC007,Organic,141.9460804,16.25644565,3421,110.0727555,173.8194052
KTC013,Organic,156.2262852,14.86492597,3421,127.0812541,185.3713163
KTC014,Organic,156.3429518,14.86492597,3421,127.1979207,185.4879829
KTC016,Organic,162.5262852,14.86492597,3421,133.3812541,191.6713163
KTC017,Organic,157.4096185,14.86492597,3421,128.2645874,186.5546496
KTC018,Organic,139.5762852,14.86492597,3421,110.4312541,168.7213163
KTC019,Organic,175.8096185,14.86492597,3421,146.6645874,204.9546496
KTC020,Organic,144.6262852,14.86492597,3421,115.4812541,173.7713163
KTC021,Organic,150.0262852,14.86492597,3421,120.8812541,179.1713163
KTC022,Organic,141.8096185,14.86492597,3421,112.6645874,170.9546496
KTC023,Organic,156.7429518,14.86492597,3421,127.5979207,185.8879829
KTC024,Organic,153.0596185,14.86492597,3421,123.9145874,182.2046496
KTC025,Organic,179.7762852,14.86492597,3421,150.6312541,208.9213163
KTC026,Organic,154.6929518,14.86492597,3421,125.5479207,183.8379829
KTC027,Organic,144.5507731,18.14543633,3421,108.9737842,180.1277621
KTC028,Organic,129.4660804,16.25644565,3421,97.59275551,161.3394052
KTC029,Organic,128.7773092,18.1311785,3421,93.22827507,164.3263434
KTC030,Organic,126.4023092,18.1311785,3421,90.85327507,161.9513434
KTC031,Organic,149.3273092,18.1311785,3421,113.7782751,184.8763434
KTC032,Organic,136.2273092,18.1311785,3421,100.6782751,171.7763434
KTC050,Organic,139.7429518,14.86492597,3421,110.5979207,168.8879829
NREC01,Organic,151.2882663,10.49451442,3421,130.7121161,171.8644165
NREC02,Organic,144.9782663,10.49451442,3421,124.4021161,165.5544165
NREC03,Organic,167.482433,10.49451442,3421,146.9062828,188.0585831
NREC04,Organic,144.167433,10.49451442,3421,123.5912828,164.7435831
NREC05,Organic,155.5409986,11.49087824,3421,133.01132,178.0706771
NREC06,Organic,143.9715996,10.49451442,3421,123.3954494,164.5477498
NREC07,Organic,146.0332663,10.49451442,3421,125.4571161,166.6094165
NREC08,Organic,120.5096185,14.86492597,3421,91.3645874,149.6546496
NREC09,Organic,153.162433,10.49451442,3421,132.5862828,173.7385831
NREC10,Organic,147.3532663,10.49451442,3421,126.7771161,167.9294165
NREC11,Organic,147.3782663,10.49451442,3421,126.8021161,167.9544165
NREC12,Organic,138.2857663,10.49451442,3421,117.7096161,158.8619165
PH4211,Organic,169.5536048,16.20943483,3421,137.7724521,201.3347575
PH5141,Organic,150.3236048,16.20943483,3421,118.5424521,182.1047575
PH6878,Organic,176.6467907,12.08223026,3421,152.9576733,200.3359082
PHG39*SPT,Organic,163.6262852,14.86492597,3421,134.4812541,192.7713163
PHW52*SPT,Organic,141.3096185,14.86492597,3421,112.1645874,170.4546496
UIUC3X001,Organic,132.3096185,14.86492597,3421,103.1645874,161.4546496
UIUC3X002,Organic,136.4262852,14.86492597,3421,107.2812541,165.5713163
UIUC3X003,Organic,140.9096185,14.86492597,3421,111.7645874,170.0546496
UIUC3X004,Organic,148.4262852,14.86492597,3421,119.2812541,177.5713163
UIUC3X005,Organic,148.3929518,14.86492597,3421,119.2479207,177.5379829
UIUC500,Organic,152.5841916,9.13153951,3421,134.6803687,170.4880146
UIUC502,Organic,175.9915549,7.554217056,3421,161.1803213,190.8027885
UIUC515,Organic,150.9396882,11.72555555,3421,127.9498878,173.9294886
UIUC518,Organic,131.8962243,11.20597858,3421,109.9251365,153.8673122
UIUC523,Organic,155.1662754,11.71814915,3421,132.1909964,178.1415544
UIUC524,Organic,168.709081,7.554217056,3421,153.8978474,183.5203146
UIUC526,Organic,127.8651082,11.72555555,3421,104.8753078,150.8549086
UIUC53,Organic,145.8762852,14.86492597,3421,116.7312541,175.0213163
UIUC539,Organic,133.5590789,11.20597858,3421,111.587991,155.5301667
VIKING51,Organic,178.1824812,3.07862659,3421,172.1463484,184.2186141
VIKING72,Organic,185.6361916,6.412381665,3421,173.0637063,198.2086769
