HYB,System,emmean,SE,df,lower.CL,upper.CL
AM2500,Conventional,NA,NA,NA,NA,NA
BR59H44,Conventional,198.9470703,19.39258399,3.701506601,143.3482636,254.5458771
BR64K93,Conventional,NA,NA,NA,NA,NA
BR65G55,Conventional,177.9044385,24.15774937,8.985083958,123.2419804,232.5668966
BR70A47,Conventional,208.2044385,24.15774937,8.985083958,153.5419804,262.8668966
ILORG0004,Conventional,190.9162162,24.12607382,8.927005917,136.2711433,245.5612891
ISUORG001,Conventional,193.4497918,19.9734399,4.148146766,138.7670465,248.1325372
ISUORG002,Conventional,199.8175793,19.9734399,4.148146766,145.134834,254.5003247
ISUORG003,Conventional,154.3445418,19.9734399,4.148146766,99.66179648,209.0272872
ISUORG004,Conventional,141.9896293,19.9734399,4.148146766,87.30688398,196.6723747
ISUORG005,Conventional,160.8243293,19.9734399,4.148146766,106.141584,215.5070747
ISUORG006,Conventional,184.8919168,19.9734399,4.148146766,130.2091715,239.5746622
ISUORG007,Conventional,176.8728418,19.9734399,4.148146766,122.1900965,231.5555872
ISUORG008,Conventional,173.6710168,19.9734399,4.148146766,118.9882715,228.3537622
ISUORG009,Conventional,187.8465043,19.9734399,4.148146766,133.163759,242.5292497
ISUORG010,Conventional,153.7783293,19.9734399,4.148146766,99.09558398,208.4610747
ISUORG011,Conventional,182.9654793,19.9734399,4.148146766,128.282734,237.6482247
ISUORG012,Conventional,152.4908418,19.9734399,4.148146766,97.80809648,207.1735872
ISUORG013,Conventional,177.2197543,19.9734399,4.148146766,122.537009,231.9024997
ISUORG014,Conventional,157.8833418,19.9734399,4.148146766,103.2005965,212.5660872
ISUORG015,Conventional,122.0913543,19.9734399,4.148146766,67.40860898,176.7740997
ISUORG016,Conventional,134.7385543,19.9734399,4.148146766,80.05580898,189.4212997
ISUORG017,Conventional,182.6302467,19.62229584,3.873158312,127.4391137,237.8213797
ISUORG018,Conventional,153.5669418,19.9734399,4.148146766,98.88419648,208.2496872
ISUORG019,Conventional,116.7770918,19.9734399,4.148146766,62.09434648,171.4598372
ISUORG020,Conventional,121.8137867,19.62229584,3.873158312,66.62265368,177.0049197
ISUORG021,Conventional,168.8225293,19.9734399,4.148146766,114.139784,223.5052747
ISUORG022,Conventional,166.981787,19.39258399,3.701506601,111.3829803,222.5805937
ISUORG023,Conventional,158.0256918,19.9734399,4.148146766,103.3429465,212.7084372
ISUORG024,Conventional,123.6404793,19.9734399,4.148146766,68.95773398,178.3232247
ISUORG025,Conventional,120.4181367,19.62229584,3.873158312,65.22700368,175.6092697
ISUORG026,Conventional,124.0186293,19.9734399,4.148146766,69.33588398,178.7013747
ISUORG027,Conventional,154.9118418,19.9734399,4.148146766,100.2290965,209.5945872
ISUORG028,Conventional,177.9312668,19.9734399,4.148146766,123.2485215,232.6140122
ISUORG029,Conventional,143.9245668,19.9734399,4.148146766,89.24182148,198.6073122
ISUORG030,Conventional,87.91222933,19.9734399,4.148146766,33.22948398,142.5949747
ISUORG031,Conventional,72.55800433,19.9734399,4.148146766,17.87525898,127.2407497
ISUORG032,Conventional,156.6121043,19.9734399,4.148146766,101.929359,211.2948497
ISUORG033,Conventional,160.3861793,19.9734399,4.148146766,105.703434,215.0689247
ISUORG034,Conventional,101.8821418,19.9734399,4.148146766,47.19939648,156.5648872
ISUORG035,Conventional,55.69934183,19.9734399,4.148146766,1.016596479,110.3820872
ISUORG036,Conventional,105.8284543,19.9734399,4.148146766,51.14570898,160.5111997
ISUORG037,Conventional,172.1314418,19.9734399,4.148146766,117.4486965,226.8141872
ISUORG038,Conventional,144.4670293,19.9734399,4.148146766,89.78428398,199.1497747
ISUORG039,Conventional,158.0515793,19.9734399,4.148146766,103.368834,212.7343247
ISUORG040,Conventional,94.36377933,19.9734399,4.148146766,39.68103398,149.0465247
ISUORG041,Conventional,127.5643043,19.9734399,4.148146766,72.88155898,182.2470497
ISUORG042,Conventional,188.7365418,19.9734399,4.148146766,134.0537965,243.4192872
ISUORG043,Conventional,164.6076543,19.9734399,4.148146766,109.924909,219.2903997
ISUORG044,Conventional,112.9205043,19.9734399,4.148146766,58.23775898,167.6032497
ISUORG045,Conventional,110.5107168,19.9734399,4.148146766,55.82797148,165.1934622
ISUORG046,Conventional,104.0924668,19.9734399,4.148146766,49.40972148,158.7752122
ISUORG047,Conventional,161.4778668,19.9734399,4.148146766,106.7951215,216.1606122
ISUORG048,Conventional,171.1749918,19.9734399,4.148146766,116.4922465,225.8577372
ISUORG049,Conventional,138.3183829,20.87049452,4.94440319,84.48711498,192.1496509
ISUORG050,Conventional,160.7269763,20.47702715,4.582186121,106.6121915,214.8417611
ISUORG051,Conventional,132.2065543,19.9734399,4.148146766,77.52380898,186.8892997
ISUORG052,Conventional,169.5407543,19.9734399,4.148146766,114.858009,224.2234997
ISUORG053,Conventional,133.8751293,19.9734399,4.148146766,79.19238398,188.5578747
ISUORG054,Conventional,161.1591668,19.9734399,4.148146766,106.4764215,215.8419122
ISUORG055,Conventional,113.5219043,19.9734399,4.148146766,58.83915898,168.2046497
ISUORG056,Conventional,192.4041043,19.9734399,4.148146766,137.721359,247.0868497
ISUORG057,Conventional,90.13621683,19.9734399,4.148146766,35.45347148,144.8189622
ISUORG058,Conventional,98.25844183,19.9734399,4.148146766,43.57569648,152.9411872
ISUORG059,Conventional,151.854682,20.19087728,4.331571421,97.44828706,206.2610769
ISUORG060,Conventional,124.2701418,19.9734399,4.148146766,69.58739648,178.9528872
ISUORG061,Conventional,174.6652918,19.9734399,4.148146766,119.9825465,229.3480372
ISUORG062,Conventional,154.9585668,19.9734399,4.148146766,100.2758215,209.6413122
ISUORG063,Conventional,103.5005168,19.9734399,4.148146766,48.81777148,158.1832622
ISUORG064,Conventional,92.62329183,19.9734399,4.148146766,37.94054648,147.3060372
ISUORG065,Conventional,125.8507543,19.9734399,4.148146766,71.16800898,180.5334997
ISUORG066,Conventional,140.0256043,19.9734399,4.148146766,85.34285898,194.7083497
ISUORG067,Conventional,114.3327043,19.9734399,4.148146766,59.64995898,169.0154497
ISUORG068,Conventional,174.6184712,19.61819857,3.870963652,119.4260215,229.8109208
ISUORG069,Conventional,174.2053037,19.39258399,3.701506601,118.606497,229.8041104
ISUORG070,Conventional,86.96924183,19.9734399,4.148146766,32.28649648,141.6519872
ISUORG071,Conventional,109.0288543,19.9734399,4.148146766,54.34610898,163.7115997
ISUORG072,Conventional,127.2072293,19.9734399,4.148146766,72.52448398,181.8899747
ISUORG073,Conventional,153.3462793,19.9734399,4.148146766,98.66353398,208.0290247
ISUORG074,Conventional,142.7353963,20.19087728,4.331571421,88.32900134,197.1417912
ISUORG075,Conventional,156.5975418,19.9734399,4.148146766,101.9147965,211.2802872
ISUORG076,Conventional,143.4778293,19.9734399,4.148146766,88.79508398,198.1605747
ISUORG077,Conventional,121.4882884,20.19060867,4.331385856,67.0817835,175.8947933
ISUORG078,Conventional,134.2163668,19.9734399,4.148146766,79.53362148,188.8991122
ISUORG079,Conventional,141.0762168,19.9734399,4.148146766,86.39347148,195.7589622
ISUORG080,Conventional,24.03467933,19.9734399,4.148146766,-30.64806602,78.71742469
ISUORG081,Conventional,148.2879418,19.9734399,4.148146766,93.60519648,202.9706872
ISUORG082,Conventional,114.7885793,19.9734399,4.148146766,60.10583398,169.4713247
ISUORG083,Conventional,123.5307043,19.9734399,4.148146766,68.84795898,178.2134497
ISUORG084,Conventional,170.6162162,24.12607382,8.927005918,115.9711433,225.2612891
ISUORG085,Conventional,136.7162162,24.12607382,8.927005918,82.07114333,191.3612891
ISUORG086,Conventional,116.3662162,24.12607382,8.927005918,61.72114333,171.0112891
ISUORG087,Conventional,96.46621621,24.12607382,8.927005917,41.82114333,151.1112891
ISUORG088,Conventional,126.1162162,24.12607382,8.927005918,71.47114333,180.7612891
ISUORG089,Conventional,64.26621621,24.12607382,8.927005917,9.621143328,118.9112891
ISUORG090,Conventional,161.6544385,24.15774937,8.985083957,106.9919804,216.3168966
ISUORG091,Conventional,143.1544385,24.15774937,8.985083956,88.49198041,197.8168966
ISUORG092,Conventional,183.8044385,24.15774937,8.985083956,129.1419804,238.4668966
ISUORG095,Conventional,95.51621621,24.12607382,8.927005917,40.87114333,150.1612891
ISUORG098,Conventional,133.4162162,24.12607382,8.927005917,78.77114333,188.0612891
ISUORG099,Conventional,189.4044385,24.15774937,8.985083957,134.7419804,244.0668966
ISUORG100,Conventional,190.9544385,24.15774937,8.985083956,136.2919804,245.6168966
ISUORG101,Conventional,143.0544385,24.15774937,8.985083955,88.39198041,197.7168966
ISUORG102,Conventional,147.7044385,24.15774937,8.985083957,93.04198041,202.3668966
ISUORG103,Conventional,157.8544385,24.15774937,8.985083956,103.1919804,212.5168966
ISUORG104,Conventional,149.2544385,24.15774937,8.985083956,94.59198041,203.9168966
ISUORG105,Conventional,147.2044385,24.15774937,8.985083956,92.54198041,201.8668966
ISUORG106,Conventional,155.7044385,24.15774937,8.985083956,101.0419804,210.3668966
ISUORG107,Conventional,182.7544385,24.15774937,8.985083956,128.0919804,237.4168966
ISUORG108,Conventional,166.1044385,24.15774937,8.985083957,111.4419804,220.7668966
ISUORG109,Conventional,138.1044385,24.15774937,8.985083958,83.44198041,192.7668966
ISUORG110,Conventional,183.3044385,24.15774937,8.985083955,128.6419804,237.9668966
ISUORG111,Conventional,156.2544385,24.15774937,8.985083956,101.5919804,210.9168966
ISUORG112,Conventional,175.6544385,24.15774937,8.985083956,120.9919804,230.3168966
ISUORG113,Conventional,173.0544385,24.15774937,8.985083955,118.3919804,227.7168966
ISUORG114,Conventional,153.3044385,24.15774937,8.985083957,98.64198041,207.9668966
ISUORG115,Conventional,120.6044385,24.15774937,8.985083956,65.94198041,175.2668966
ISUORG116,Conventional,185.3044385,24.15774937,8.985083956,130.6419804,239.9668966
ISUORG117,Conventional,163.9044385,24.15774937,8.985083956,109.2419804,218.5668966
ISUORG118,Conventional,157.3044385,24.15774937,8.985083955,102.6419804,211.9668966
ISUORG119,Conventional,176.6544385,24.15774937,8.985083956,121.9919804,231.3168966
ISUORG120,Conventional,184.7044385,24.15774937,8.985083956,130.0419804,239.3668966
ISUORG121,Conventional,136.5544385,24.15774937,8.985083956,81.89198041,191.2168966
ISUORG122,Conventional,178.6544385,24.15774937,8.985083955,123.9919804,233.3168966
ISUORG123,Conventional,147.3044385,24.15774937,8.985083957,92.64198041,201.9668966
ISUORG124,Conventional,164.6544385,24.15774937,8.985083955,109.9919804,219.3168966
ISUORG125,Conventional,145.3544385,24.15774937,8.985083957,90.69198041,200.0168966
ISUORG126,Conventional,142.2544385,24.15774937,8.985083957,87.59198041,196.9168966
ISUORG127,Conventional,130.2044385,24.15774937,8.985083957,75.54198041,184.8668966
ISUORG128,Conventional,157.2544385,24.15774937,8.985083957,102.5919804,211.9168966
ISUORG129,Conventional,162.7544385,24.15774937,8.985083956,108.0919804,217.4168966
ISUORG130,Conventional,170.5044385,24.15774937,8.985083956,115.8419804,225.1668966
ISUORG131,Conventional,148.2467793,19.9734399,4.148146766,93.56403398,202.9295247
ISUORG132,Conventional,101.3476543,19.9734399,4.148146766,46.66490898,156.0303997
ISUORG133,Conventional,123.8162162,24.12607382,8.927005918,69.17114333,178.4612891
ISUORG134,Conventional,137.6662162,24.12607382,8.927005917,83.02114333,192.3112891
ISUORG135,Conventional,111.9162162,24.12607382,8.927005917,57.27114333,166.5612891
ISUORG136,Conventional,143.8162162,24.12607382,8.927005919,89.17114333,198.4612891
ISUORG137,Conventional,114.9662162,24.12607382,8.927005918,60.32114333,169.6112891
ISUORG138,Conventional,151.5162162,24.12607382,8.927005918,96.87114333,206.1612891
ISUORG139,Conventional,131.6162162,24.12607382,8.927005919,76.97114333,186.2612891
ISUORG140,Conventional,173.3662162,24.12607382,8.927005918,118.7211433,228.0112891
ISUORG141,Conventional,139.6162162,24.12607382,8.927005919,84.97114333,194.2612891
ISUORG142,Conventional,152.7662162,24.12607382,8.927005919,98.12114333,207.4112891
ISUORG143,Conventional,169.1662162,24.12607382,8.927005919,114.5211433,223.8112891
ISUORG144,Conventional,146.2662162,24.12607382,8.927005919,91.62114333,200.9112891
ISUORG145,Conventional,148.4662162,24.12607382,8.927005919,93.82114333,203.1112891
ISUORG146,Conventional,150.3162162,24.12607382,8.927005919,95.67114333,204.9612891
ISUORG147,Conventional,138.4162162,24.12607382,8.927005919,83.77114333,193.0612891
ISUORG148,Conventional,136.9162162,24.12607382,8.927005919,82.27114333,191.5612891
ISUORG149,Conventional,132.1662162,24.12607382,8.927005919,77.52114333,186.8112891
ISUORG150,Conventional,160.1662162,24.12607382,8.927005919,105.5211433,214.8112891
ISUORG151,Conventional,157.1662162,24.12607382,8.927005919,102.5211433,211.8112891
ISUORG152,Conventional,135.4162162,24.12607382,8.927005919,80.77114333,190.0612891
ISUORG153,Conventional,108.2162162,24.12607382,8.92700592,53.57114333,162.8612891
ISUORG154,Conventional,131.4162162,24.12607382,8.927005919,76.77114333,186.0612891
ISUORG155,Conventional,124.3162162,24.12607382,8.927005919,69.67114333,178.9612891
ISUORG156,Conventional,122.9162162,24.12607382,8.92700592,68.27114333,177.5612891
ISUORG157,Conventional,159.5662162,24.12607382,8.927005919,104.9211433,214.2112891
ISUORG158,Conventional,106.2662162,24.12607382,8.927005919,51.62114333,160.9112891
ISUORG159,Conventional,139.8162162,24.12607382,8.927005919,85.17114333,194.4612891
ISUORG160,Conventional,114.8662162,24.12607382,8.927005918,60.22114333,169.5112891
ISUORG161,Conventional,139.6162162,24.12607382,8.927005918,84.97114333,194.2612891
ISUORG162,Conventional,120.4662162,24.12607382,8.927005918,65.82114333,175.1112891
ISUORG163,Conventional,168.0662162,24.12607382,8.927005918,113.4211433,222.7112891
ISUORG164,Conventional,190.2824068,22.43461909,6.684997532,136.7219902,243.8428233
ISUORG165,Conventional,153.3544385,24.15774937,8.985083956,98.69198041,208.0168966
ISUORG166,Conventional,198.6544385,21.51760601,5.657815175,145.221133,252.0877441
ISUORG167,Conventional,173.1750311,20.49910213,4.658799355,119.298208,227.0518542
ISUORG168,Conventional,168.7544385,24.15774937,8.985083956,114.0919804,223.4168966
ISUORG169,Conventional,182.0544385,24.15774937,8.985083956,127.3919804,236.7168966
ISUORG170,Conventional,186.0044385,24.15774937,8.985083957,131.3419804,240.6668966
ISUORG171,Conventional,165.7044385,24.15774937,8.985083957,111.0419804,220.3668966
ISUORG172,Conventional,147.5044385,24.15774937,8.985083957,92.84198041,202.1668966
ISUORG173,Conventional,162.3544385,24.15774937,8.985083957,107.6919804,217.0168966
ISUORG174,Conventional,192.1044385,24.15774937,8.985083957,137.4419804,246.7668966
ISUORG175,Conventional,178.8544385,24.15774937,8.985083957,124.1919804,233.5168966
ISUORG176,Conventional,205.0544385,24.15774937,8.985083957,150.3919804,259.7168966
ISUORG177,Conventional,160.4044385,24.15774937,8.985083957,105.7419804,215.0668966
ISUORG178,Conventional,192.7544385,24.15774937,8.985083957,138.0919804,247.4168966
ISUORG179,Conventional,207.7044385,24.15774937,8.985083958,153.0419804,262.3668966
ISUORG180,Conventional,178.3044385,24.15774937,8.985083957,123.6419804,232.9668966
ISUORG181,Conventional,143.8544385,24.15774937,8.985083956,89.19198041,198.5168966
ISUORG182,Conventional,178.2544385,24.15774937,8.985083957,123.5919804,232.9168966
ISUORG183,Conventional,181.8544385,24.15774937,8.985083956,127.1919804,236.5168966
ISUORG184,Conventional,153.3044385,24.15774937,8.985083956,98.64198041,207.9668966
ISUORG185,Conventional,178.5544385,24.15774937,8.985083956,123.8919804,233.2168966
ISUORG186,Conventional,166.9044385,24.15774937,8.985083956,112.2419804,221.5668966
ISUORG187,Conventional,163.6544385,24.15774937,8.985083957,108.9919804,218.3168966
ISUORG188,Conventional,158.1544385,24.15774937,8.985083956,103.4919804,212.8168966
ISUORG189,Conventional,175.5544385,24.15774937,8.985083959,120.8919804,230.2168966
ISUORG190,Conventional,165.7044385,24.15774937,8.985083956,111.0419804,220.3668966
ISUORG191,Conventional,189.9044385,24.15774937,8.985083959,135.2419804,244.5668966
ISUORG192,Conventional,131.6044385,24.15774937,8.985083957,76.94198041,186.2668966
ISUORG193,Conventional,159.5544385,24.15774937,8.985083959,104.8919804,214.2168966
ISUORG194,Conventional,163.7544385,24.15774937,8.985083959,109.0919804,218.4168966
ISUORG195,Conventional,171.1544385,24.15774937,8.985083955,116.4919804,225.8168966
ISUORG196,Conventional,146.9544385,24.15774937,8.985083959,92.29198041,201.6168966
ISUORG197,Conventional,145.9544385,24.15774937,8.985083957,91.29198041,200.6168966
ISUORG198,Conventional,165.1544385,24.15774937,8.985083957,110.4919804,219.8168966
ISUORG199,Conventional,189.1544385,24.15774937,8.985083958,134.4919804,243.8168966
ISUORG200,Conventional,173.2044385,24.15774937,8.985083957,118.5419804,227.8668966
ISUORG201,Conventional,162.2544385,24.15774937,8.985083956,107.5919804,216.9168966
ISUORG202,Conventional,89.41032736,21.44513455,5.578640068,35.96008453,142.8605702
ISUORG203,Conventional,154.1162162,24.12607382,8.927005921,99.47114333,208.7612891
ISUORG204,Conventional,181.0044385,24.15774937,8.985083958,126.3419804,235.6668966
ISUORG205,Conventional,131.0662162,24.12607382,8.927005919,76.42114333,185.7112891
ISUORG206,Conventional,71.06621621,24.12607382,8.92700592,16.42114333,125.7112891
ISUORG207,Conventional,160.7448829,20.01421053,4.233931869,106.3666766,215.1230893
ISUORG208,Conventional,140.8662162,24.12607382,8.927005919,86.22114333,195.5112891
ISUORG209,Conventional,136.9461397,28.70962928,17.87203443,76.59847538,197.293804
ISUORG210,Conventional,123.0162162,24.12607382,8.927005919,68.37114333,177.6612891
ISUORG211,Conventional,166.5662162,24.12607382,8.92700592,111.9211433,221.2112891
ISUORG212,Conventional,130.9662162,24.12607382,8.927005921,76.32114333,185.6112891
ISUORG213,Conventional,131.4662162,24.12607382,8.92700592,76.82114333,186.1112891
ISUORG214,Conventional,156.2662162,24.12607382,8.927005918,101.6211433,210.9112891
ISUORG215,Conventional,117.4662162,24.12607382,8.927005922,62.82114333,172.1112891
ISUORG216,Conventional,129.7662162,24.12607382,8.92700592,75.12114333,184.4112891
ISUORG217,Conventional,121.6162162,24.12607382,8.927005921,66.97114333,176.2612891
ISUORG218,Conventional,139.7162162,24.12607382,8.92700592,85.07114333,194.3612891
ISUORG219,Conventional,140.5103274,21.44513455,5.578640068,87.06008454,193.9605702
ISUORG220,Conventional,126.8662162,24.12607382,8.92700592,72.22114333,181.5112891
ISUORG221,Conventional,115.0662162,24.12607382,8.927005921,60.42114333,169.7112891
ISUORG222,Conventional,117.5662162,24.12607382,8.927005918,62.92114333,172.2112891
ISUORG223,Conventional,128.9162162,24.12607382,8.927005921,74.27114333,183.5612891
ISUORG224,Conventional,135.7662162,24.12607382,8.927005921,81.12114333,190.4112891
ISUORG225,Conventional,117.1162162,24.12607382,8.92700592,62.47114333,171.7612891
ISUORG226,Conventional,140.6662162,24.12607382,8.927005922,86.02114333,195.3112891
ISUORG227,Conventional,148.4544385,24.15774937,8.985083959,93.79198041,203.1168966
ISUORG228,Conventional,126.9662162,24.12607382,8.927005922,72.32114333,181.6112891
ISUORG229,Conventional,137.8662162,24.12607382,8.92700592,83.22114333,192.5112891
ISUORG230,Conventional,127.9662162,24.12607382,8.927005919,73.32114333,182.6112891
ISUORG231,Conventional,138.7662162,24.12607382,8.92700592,84.12114333,193.4112891
ISUORG232,Conventional,150.6603274,21.44513455,5.578640067,97.21008453,204.1105702
ISUORG233,Conventional,146.8162162,24.12607382,8.927005919,92.17114333,201.4612891
ISUORG234,Conventional,111.6162162,24.12607382,8.927005921,56.97114333,166.2612891
ISUORG235,Conventional,122.5662162,24.12607382,8.92700592,67.92114333,177.2112891
ISUORG236,Conventional,131.5162162,24.12607382,8.927005922,76.87114333,186.1612891
ISUORG237,Conventional,112.9662162,24.12607382,8.927005921,58.32114333,167.6112891
ISUORG238,Conventional,119.7662162,24.12607382,8.927005921,65.12114333,174.4112891
ISUORG239,Conventional,127.6162162,24.12607382,8.927005919,72.97114333,182.2612891
ISUORG240,Conventional,121.8103274,21.44513455,5.578640068,68.36008454,175.2605702
ISUORG241,Conventional,107.8162162,24.12607382,8.92700592,53.17114333,162.4612891
ISUORG242,Conventional,125.9662162,24.12607382,8.92700592,71.32114333,180.6112891
ISUORG243,Conventional,129.3162162,24.12607382,8.927005919,74.67114333,183.9612891
ISUORG244,Conventional,130.8103274,21.44513455,5.578640068,77.36008453,184.2605702
ISUORG245,Conventional,114.2162162,24.12607382,8.927005921,59.57114333,168.8612891
ISUORG246,Conventional,128.4662162,24.12607382,8.927005919,73.82114333,183.1112891
ISUORG247,Conventional,124.1162162,24.12607382,8.927005919,69.47114333,178.7612891
ISUORG248,Conventional,114.1162162,24.12607382,8.927005919,59.47114333,168.7612891
ISUORG249,Conventional,116.6662162,24.12607382,8.92700592,62.02114333,171.3112891
ISUORG250,Conventional,124.6662162,24.12607382,8.92700592,70.02114333,179.3112891
ISUORG251,Conventional,131.2662162,24.12607382,8.927005922,76.62114333,185.9112891
ISUORG252,Conventional,123.2662162,24.12607382,8.92700592,68.62114333,177.9112891
ISUORG253,Conventional,164.3583644,20.49910213,4.658799354,110.4815413,218.2351875
ISUORG254,Conventional,146.5044385,24.15774937,8.985083958,91.84198041,201.1668966
ISUORG255,Conventional,164.2044385,24.15774937,8.985083958,109.5419804,218.8668966
ISUORG256,Conventional,151.4603274,21.44513455,5.578640067,98.01008453,204.9105702
ISUORG257,Conventional,182.7544385,24.15774937,8.985083958,128.0919804,237.4168966
ISUORG258,Conventional,129.0662162,24.12607382,8.927005919,74.42114333,183.7112891
ISUORG259,Conventional,120.8353274,21.44513455,5.578640068,67.38508454,174.2855702
ISUORG260,Conventional,132.1662162,24.12607382,8.92700592,77.52114333,186.8112891
ISUORG261,Conventional,165.1544385,24.15774937,8.985083959,110.4919804,219.8168966
ISUORG262,Conventional,142.3044385,24.15774937,8.985083958,87.64198041,196.9668966
ISUORG263,Conventional,108.8162162,24.12607382,8.927005919,54.17114333,163.4612891
ISUORG264,Conventional,143.2544385,24.15774937,8.985083959,88.59198041,197.9168966
ISUORG265,Conventional,125.8162162,24.12607382,8.92700592,71.17114333,180.4612891
ISUORG266,Conventional,157.6162162,24.12607382,8.927005919,102.9711433,212.2612891
ISUORG267,Conventional,166.0544385,24.15774937,8.985083958,111.3919804,220.7168966
ISUORG268,Conventional,146.6044385,24.15774937,8.985083957,91.94198041,201.2668966
ISUORG269,Conventional,130.9662162,24.12607382,8.92700592,76.32114333,185.6112891
ISUORG270,Conventional,154.6544385,24.15774937,8.985083959,99.99198041,209.3168966
ISUORG271,Conventional,146.5662162,24.12607382,8.92700592,91.92114333,201.2112891
ISUORG272,Conventional,115.0162162,24.12607382,8.92700592,60.37114333,169.6612891
ISUORG273,Conventional,103.4162162,24.12607382,8.927005921,48.77114333,158.0612891
ISUORG274,Conventional,155.8162162,24.12607382,8.927005919,101.1711433,210.4612891
ISUORG275,Conventional,159.5044385,24.15774937,8.985083958,104.8419804,214.1668966
ISUORG276,Conventional,141.6044385,24.15774937,8.985083959,86.94198041,196.2668966
ISUORG277,Conventional,136.5544385,24.15774937,8.985083958,81.89198041,191.2168966
ISUORG278,Conventional,137.6662162,24.12607382,8.92700592,83.02114333,192.3112891
ISUORG279,Conventional,148.7044385,24.15774937,8.985083959,94.04198041,203.3668966
ISUORG280,Conventional,124.4162162,24.12607382,8.927005919,69.77114333,179.0612891
ISUORG281,Conventional,155.1544385,24.15774937,8.985083959,100.4919804,209.8168966
ISUORG282,Conventional,97.51621621,24.12607382,8.92700592,42.87114333,152.1612891
ISUORG283,Conventional,164.5162162,24.12607382,8.92700592,109.8711433,219.1612891
ISUORG284,Conventional,153.8044385,24.15774937,8.985083957,99.14198041,208.4668966
ISUORG285,Conventional,154.1544385,24.15774937,8.985083959,99.49198041,208.8168966
ISUORG286,Conventional,124.3544385,24.15774937,8.98508396,69.69198041,179.0168966
ISUORG287,Conventional,155.9662162,24.12607382,8.92700592,101.3211433,210.6112891
ISUORG288,Conventional,168.7044385,24.15774937,8.985083958,114.0419804,223.3668966
ISUORG289,Conventional,154.7162162,24.12607382,8.927005919,100.0711433,209.3612891
ISUORG290,Conventional,176.4044385,24.15774937,8.985083957,121.7419804,231.0668966
ISUORG291,Conventional,144.9662162,24.12607382,8.927005919,90.32114333,199.6112891
ISUORG292,Conventional,107.0162162,24.12607382,8.92700592,52.37114333,161.6612891
ISUORG293,Conventional,163.3162162,24.12607382,8.92700592,108.6711433,217.9612891
ISUORG294,Conventional,169.6544385,24.15774937,8.985083959,114.9919804,224.3168966
ISUORG295,Conventional,178.6044385,24.15774937,8.985083959,123.9419804,233.2668966
ISUORG296,Conventional,139.0662162,24.12607382,8.92700592,84.42114333,193.7112891
ISUORG297,Conventional,150.6044385,24.15774937,8.985083958,95.94198041,205.2668966
ISUORG298,Conventional,137.1662162,24.12607382,8.92700592,82.52114333,191.8112891
ISUORG299,Conventional,159.0044385,24.15774937,8.985083958,104.3419804,213.6668966
ISUORG300,Conventional,107.4662162,24.12607382,8.927005919,52.82114333,162.1112891
ISUORG301,Conventional,150.6162162,24.12607382,8.92700592,95.97114333,205.2612891
ISUORG302,Conventional,168.2044385,24.15774937,8.985083957,113.5419804,222.8668966
ISUORG303,Conventional,166.8044385,24.15774937,8.985083957,112.1419804,221.4668966
ISUORG304,Conventional,90.65443851,24.15774937,8.985083959,35.99198041,145.3168966
ISUORG305,Conventional,155.6162162,24.12607382,8.927005918,100.9711433,210.2612891
ISUORG306,Conventional,133.5044385,24.15774937,8.985083958,78.84198041,188.1668966
ISUORG307,Conventional,145.4162162,24.12607382,8.927005919,90.77114333,200.0612891
ISUORG308,Conventional,162.8044385,24.15774937,8.985083958,108.1419804,217.4668966
ISUORG309,Conventional,88.91621621,24.12607382,8.927005919,34.27114333,143.5612891
ISUORG310,Conventional,163.4662162,24.12607382,8.927005919,108.8211433,218.1112891
ISUORG311,Conventional,147.5044385,24.15774937,8.985083958,92.84198041,202.1668966
ISUORG312,Conventional,128.8044385,24.15774937,8.98508396,74.14198041,183.4668966
ISUORG313,Conventional,159.6162162,24.12607382,8.92700592,104.9711433,214.2612891
ISUORG314,Conventional,161.8044385,24.15774937,8.985083959,107.1419804,216.4668966
ISUORG315,Conventional,127.6662162,24.12607382,8.927005919,73.02114333,182.3112891
ISUORG316,Conventional,156.0544385,24.15774937,8.985083959,101.3919804,210.7168966
ISUORG317,Conventional,127.9662162,24.12607382,8.927005918,73.32114333,182.6112891
ISUORG318,Conventional,105.6662162,24.12607382,8.927005918,51.02114333,160.3112891
ISUORG319,Conventional,138.2162162,24.12607382,8.927005919,83.57114333,192.8612891
ISUORG320,Conventional,130.8544385,24.15774937,8.985083958,76.19198041,185.5168966
ISUORG321,Conventional,123.4544385,24.15774937,8.985083957,68.79198041,178.1168966
ISUORG322,Conventional,119.2662162,24.12607382,8.927005919,64.62114333,173.9112891
ISUORG323,Conventional,153.0544385,24.15774937,8.985083959,98.39198041,207.7168966
ISUORG324,Conventional,176.0544385,24.15774937,8.985083958,121.3919804,230.7168966
ISUORG325,Conventional,100.5662162,24.12607382,8.927005918,45.92114333,155.2112891
ISUORG326,Conventional,82.11621621,24.12607382,8.927005918,27.47114333,136.7612891
ISUORG327,Conventional,50.66621621,24.12607382,8.927005919,-3.97885667,105.3112891
ISUORG328,Conventional,165.5544385,24.15774937,8.985083957,110.8919804,220.2168966
ISUORG329,Conventional,150.0103274,21.44513455,5.57864007,96.56008454,203.4605702
ISUORG330,Conventional,172.3544385,24.15774937,8.985083958,117.6919804,227.0168966
ISUORG331,Conventional,147.2662162,24.12607382,8.927005919,92.62114333,201.9112891
ISUORG332,Conventional,119.8162162,24.12607382,8.927005919,65.17114333,174.4612891
ISUORG333,Conventional,132.5662162,24.12607382,8.927005919,77.92114333,187.2112891
ISUORG334,Conventional,130.6662162,24.12607382,8.92700592,76.02114333,185.3112891
ISUORG335,Conventional,125.5162162,24.12607382,8.927005919,70.87114333,180.1612891
ISUORG336,Conventional,129.6162162,24.12607382,8.927005919,74.97114333,184.2612891
ISUORG337,Conventional,145.7662162,24.12607382,8.92700592,91.12114333,200.4112891
ISUORG338,Conventional,123.5353274,21.44513455,5.578640069,70.08508454,176.9855702
ISUORG339,Conventional,166.5044385,20.56236545,4.71844355,112.6842865,220.3245905
ISUORG340,Conventional,137.2544385,24.15774937,8.985083957,82.59198041,191.9168966
ISUORG341,Conventional,138.8044385,24.15774937,8.985083957,84.14198041,193.4668966
ISUORG342,Conventional,158.0544385,24.15774937,8.985083958,103.3919804,212.7168966
ISUORG343,Conventional,121.6044385,24.15774937,8.985083957,66.94198041,176.2668966
ISUORG344,Conventional,81.85443851,24.15774937,8.985083958,27.19198041,136.5168966
ISUORG345,Conventional,156.7044385,24.15774937,8.985083958,102.0419804,211.3668966
ISUORG346,Conventional,163.4044385,24.15774937,8.985083956,108.7419804,218.0668966
ISUORG347,Conventional,122.5044385,24.15774937,8.985083959,67.84198041,177.1668966
ISUORG348,Conventional,172.0103274,21.44513455,5.578640069,118.5600845,225.4605702
ISUORG349,Conventional,168.8662162,24.12607382,8.927005919,114.2211433,223.5112891
ISUORG350,Conventional,147.6662162,24.12607382,8.927005919,93.02114333,202.3112891
ISUORG351,Conventional,130.8662162,24.12607382,8.927005918,76.22114333,185.5112891
ISUORG352,Conventional,123.5603274,21.44513455,5.578640069,70.11008454,177.0105702
ISUORG353,Conventional,138.2662162,24.12607382,8.92700592,83.62114333,192.9112891
ISUORG354,Conventional,160.2544385,24.15774937,8.985083956,105.5919804,214.9168966
ISUORG355,Conventional,141.3603274,21.44513455,5.578640069,87.91008454,194.8105702
ISUORG356,Conventional,171.2383433,28.73618632,17.96027985,110.8562842,231.6204024
ISUORG357,Conventional,187.1544385,24.15774937,8.985083957,132.4919804,241.8168966
ISUORG358,Conventional,132.3044385,24.15774937,8.985083956,77.64198041,186.9668966
ISUORG359,Conventional,34.20443851,24.15774937,8.985083954,-20.45801959,88.86689661
ISUORG360,Conventional,179.9294385,21.51760601,5.657815176,126.496133,233.362744
ISUORG361,Conventional,141.6044385,24.15774937,8.985083957,86.94198041,196.2668966
ISUORG362,Conventional,167.2544385,24.15774937,8.985083957,112.5919804,221.9168966
ISUORG363,Conventional,140.9044385,24.15774937,8.985083959,86.24198041,195.5668966
ISUORG364,Conventional,168.8544385,24.15774937,8.985083957,114.1919804,223.5168966
ISUORG365,Conventional,112.5544385,24.15774937,8.985083958,57.89198041,167.2168966
ISUORG366,Conventional,180.7544385,24.15774937,8.985083957,126.0919804,235.4168966
ISUORG367,Conventional,75.75443851,24.15774937,8.985083958,21.09198041,130.4168966
ISUORG368,Conventional,143.3544385,24.15774937,8.985083958,88.69198041,198.0168966
ISUORG369,Conventional,167.6544385,24.15774937,8.985083958,112.9919804,222.3168966
ISUORG370,Conventional,130.8544385,24.15774937,8.985083958,76.19198041,185.5168966
ISUORG371,Conventional,188.4853274,21.44513455,5.578640069,135.0350845,241.9355702
ISUORG372,Conventional,190.3662162,24.12607382,8.927005921,135.7211433,245.0112891
ISUORG373,Conventional,184.1544385,24.15774937,8.985083958,129.4919804,238.8168966
ISUORG374,Conventional,160.9162162,24.12607382,8.92700592,106.2711433,215.5612891
ISUORG375,Conventional,147.9162162,24.12607382,8.927005919,93.27114333,202.5612891
ISUORG376,Conventional,124.3662162,24.12607382,8.92700592,69.72114333,179.0112891
ISUORG377,Conventional,167.1959305,20.88210465,5.016314567,113.5692391,220.822622
ISUORG378,Conventional,140.2544385,24.15774937,8.985083958,85.59198041,194.9168966
ISUORG379,Conventional,128.6544385,24.15774937,8.985083958,73.99198041,183.3168966
ISUORG380,Conventional,153.4044385,24.15774937,8.985083957,98.74198041,208.0668966
ISUORG381,Conventional,120.7544385,24.15774937,8.985083958,66.09198041,175.4168966
ISUORG382,Conventional,142.9544385,24.15774937,8.985083957,88.29198041,197.6168966
ISUORG383,Conventional,124.8044385,24.15774937,8.985083958,70.14198041,179.4668966
ISUORG384,Conventional,158.4044385,24.15774937,8.985083957,103.7419804,213.0668966
ISUORG385,Conventional,154.8662162,24.12607382,8.92700592,100.2211433,209.5112891
ISUORG386,Conventional,186.9544385,24.15774937,8.985083957,132.2919804,241.6168966
ISUORG387,Conventional,131.2162162,24.12607382,8.927005919,76.57114333,185.8612891
ISUORG388,Conventional,141.2544385,24.15774937,8.985083956,86.59198041,195.9168966
ISUORG389,Conventional,175.5353274,21.44513455,5.578640069,122.0850845,228.9855702
ISUORG390,Conventional,143.9162162,24.12607382,8.927005921,89.27114333,198.5612891
ISUORG391,Conventional,158.5162162,24.12607382,8.927005923,103.8711433,213.1612891
ISUORG392,Conventional,145.0162162,24.12607382,8.927005919,90.37114333,199.6612891
ISUORG393,Conventional,124.6162162,24.12607382,8.92700592,69.97114333,179.2612891
ISUORG394,Conventional,83.46621621,24.12607382,8.927005921,28.82114333,138.1112891
ISUORG396,Conventional,162.4662162,24.12607382,8.927005921,107.8211433,217.1112891
ISUORG397,Conventional,145.1103274,21.44513455,5.578640069,91.66008454,198.5605702
ISUORG398,Conventional,139.1662162,24.12607382,8.927005922,84.52114333,193.8112891
ISUORG399,Conventional,130.5162162,24.12607382,8.927005921,75.87114333,185.1612891
ISUORG400,Conventional,120.8662162,24.12607382,8.927005919,66.22114333,175.5112891
ISUORG402,Conventional,185.0662162,24.12607382,8.92700592,130.4211433,239.7112891
ISUORG403,Conventional,157.5162162,24.12607382,8.927005921,102.8711433,212.1612891
ISUORG404,Conventional,139.7162162,24.12607382,8.927005921,85.07114333,194.3612891
ISUORG405,Conventional,140.7162162,24.12607382,8.927005921,86.07114333,195.3612891
ISUORG406,Conventional,158.0662162,24.12607382,8.927005919,103.4211433,212.7112891
ISUORG407,Conventional,133.1162162,24.12607382,8.927005918,78.47114333,187.7612891
ISUORG408,Conventional,127.0162162,24.12607382,8.927005921,72.37114333,181.6612891
ISUORG409,Conventional,160.6162162,24.12607382,8.92700592,105.9711433,215.2612891
ISUORG410,Conventional,175.6162162,24.12607382,8.92700592,120.9711433,230.2612891
ISUORG411,Conventional,161.5162162,24.12607382,8.92700592,106.8711433,216.1612891
ISUORG412,Conventional,149.8662162,24.12607382,8.927005921,95.22114333,204.5112891
ISUORG413,Conventional,157.0162162,24.12607382,8.927005919,102.3711433,211.6612891
ISUORG414,Conventional,172.0853274,21.44513455,5.578640069,118.6350845,225.5355702
ISUORG415,Conventional,173.7162162,24.12607382,8.92700592,119.0711433,228.3612891
ISUORG416,Conventional,159.0162162,24.12607382,8.927005921,104.3711433,213.6612891
ISUORG417,Conventional,154.8662162,24.12607382,8.92700592,100.2211433,209.5112891
ISUORG418,Conventional,142.2662162,24.12607382,8.927005919,87.62114333,196.9112891
ISUORG419,Conventional,166.3662162,24.12607382,8.927005921,111.7211433,221.0112891
ISUORG420,Conventional,147.5162162,24.12607382,8.927005921,92.87114333,202.1612891
ISUORG421,Conventional,134.8162162,24.12607382,8.92700592,80.17114333,189.4612891
ISUORG422,Conventional,154.6662162,24.12607382,8.927005921,100.0211433,209.3112891
ISUORG423,Conventional,139.5662162,24.12607382,8.927005921,84.92114333,194.2112891
ISUORG424,Conventional,156.2162162,24.12607382,8.927005919,101.5711433,210.8612891
ISUORG425,Conventional,184.8853274,21.44513455,5.578640069,131.4350845,238.3355702
ISUORG426,Conventional,163.3162162,24.12607382,8.92700592,108.6711433,217.9612891
ISUORG427,Conventional,169.3662162,24.12607382,8.92700592,114.7211433,224.0112891
ISUORG428,Conventional,163.3162162,24.12607382,8.927005921,108.6711433,217.9612891
ISUORG429,Conventional,163.4662162,24.12607382,8.927005921,108.8211433,218.1112891
ISUORG430,Conventional,149.2603274,21.44513455,5.57864007,95.81008454,202.7105702
ISUORG431,Conventional,158.0662162,24.12607382,8.927005921,103.4211433,212.7112891
ISUORG432,Conventional,155.0662162,24.12607382,8.92700592,100.4211433,209.7112891
ISUORG433,Conventional,178.9662162,24.12607382,8.92700592,124.3211433,233.6112891
ISUORG434,Conventional,158.6662162,24.12607382,8.927005921,104.0211433,213.3112891
ISUORG435,Conventional,164.6662162,24.12607382,8.927005921,110.0211433,219.3112891
ISUORG436,Conventional,147.5662162,24.12607382,8.92700592,92.92114333,202.2112891
ISUORG437,Conventional,192.5544385,20.56236545,4.71844355,138.7342865,246.3745905
ISUORG438,Conventional,162.0353274,21.44513455,5.578640069,108.5850845,215.4855702
ISUORG439,Conventional,140.6544385,24.15774937,8.985083957,85.99198041,195.3168966
ISUORG440,Conventional,96.64613969,28.70962928,17.87203444,36.29847538,156.993804
ISUORG441,Conventional,130.1544385,24.15774937,8.985083956,75.49198041,184.8168966
ISUORG442,Conventional,153.3162162,24.12607382,8.927005919,98.67114333,207.9612891
ISUORG443,Conventional,100.0383433,28.73618632,17.96027985,39.65628424,160.4204024
KTC001,Conventional,155.2544385,24.15774937,8.985083956,100.5919804,209.9168966
KTC006,Conventional,191.4544385,24.15774937,8.985083956,136.7919804,246.1168966
KTC007,Conventional,194.0044385,24.15774937,8.985083957,139.3419804,248.6668966
KTC013,Conventional,186.7544385,24.15774937,8.985083955,132.0919804,241.4168966
KTC014,Conventional,195.1044385,24.15774937,8.985083958,140.4419804,249.7668966
KTC016,Conventional,185.9044385,24.15774937,8.985083958,131.2419804,240.5668966
KTC017,Conventional,173.9044385,24.15774937,8.985083957,119.2419804,228.5668966
KTC018,Conventional,172.0544385,24.15774937,8.985083959,117.3919804,226.7168966
KTC019,Conventional,190.4544385,24.15774937,8.985083959,135.7919804,245.1168966
KTC020,Conventional,158.9044385,24.15774937,8.985083959,104.2419804,213.5668966
KTC021,Conventional,165.8544385,24.15774937,8.98508396,111.1919804,220.5168966
KTC022,Conventional,144.9044385,24.15774937,8.985083961,90.24198041,199.5668966
KTC023,Conventional,177.4544385,24.15774937,8.985083959,122.7919804,232.1168966
KTC024,Conventional,169.1044385,24.15774937,8.985083958,114.4419804,223.7668966
KTC025,Conventional,206.8544385,24.15774937,8.985083959,152.1919804,261.5168966
KTC026,Conventional,170.1044385,24.15774937,8.985083957,115.4419804,224.7668966
KTC027,Conventional,172.7544385,24.15774937,8.985083959,118.0919804,227.4168966
KTC028,Conventional,155.5544385,24.15774937,8.985083959,100.8919804,210.2168966
KTC029,Conventional,NA,NA,NA,NA,NA
KTC030,Conventional,NA,NA,NA,NA,NA
KTC031,Conventional,NA,NA,NA,NA,NA
KTC032,Conventional,NA,NA,NA,NA,NA
KTC050,Conventional,172.7544385,24.15774937,8.985083959,118.0919804,227.4168966
NREC01,Conventional,183.3353274,21.44513455,5.578640069,129.8850845,236.7855702
NREC02,Conventional,150.5353274,21.44513455,5.578640068,97.08508454,203.9855702
NREC03,Conventional,179.1103274,21.44513455,5.578640068,125.6600845,232.5605702
NREC04,Conventional,166.0103274,21.44513455,5.578640068,112.5600845,219.4605702
NREC05,Conventional,171.1603274,21.44513455,5.578640068,117.7100845,224.6105702
NREC06,Conventional,153.8603274,21.44513455,5.578640068,100.4100845,207.3105702
NREC07,Conventional,182.8603274,21.44513455,5.578640069,129.4100845,236.3105702
NREC08,Conventional,148.7544385,24.15774937,8.985083959,94.09198041,203.4168966
NREC09,Conventional,183.6353274,21.44513455,5.578640068,130.1850845,237.0855702
NREC10,Conventional,149.7853274,21.44513455,5.578640068,96.33508454,203.2355702
NREC11,Conventional,157.8603274,21.44513455,5.578640069,104.4100845,211.3105702
NREC12,Conventional,161.1853274,21.44513455,5.578640069,107.7350845,214.6355702
PH4211,Conventional,NA,NA,NA,NA,NA
PH5141,Conventional,NA,NA,NA,NA,NA
PH6878,Conventional,222.0544385,24.15774937,8.985083958,167.3919804,276.7168966
PHG39*SPT,Conventional,200.9544385,24.15774937,8.985083959,146.2919804,255.6168966
PHW52*SPT,Conventional,143.9544385,24.15774937,8.985083959,89.29198041,198.6168966
UIUC3X001,Conventional,161.2044385,24.15774937,8.985083958,106.5419804,215.8668966
UIUC3X002,Conventional,132.0044385,24.15774937,8.985083959,77.34198041,186.6668966
UIUC3X003,Conventional,155.8044385,24.15774937,8.985083958,101.1419804,210.4668966
UIUC3X004,Conventional,147.3544385,24.15774937,8.985083957,92.69198041,202.0168966
UIUC3X005,Conventional,174.0544385,24.15774937,8.985083958,119.3919804,228.7168966
UIUC500,Conventional,173.9051467,19.62229584,3.873158312,118.7140137,229.0962797
UIUC502,Conventional,193.8060537,19.39258399,3.701506601,138.207247,249.4048604
UIUC515,Conventional,171.6493418,19.9734399,4.148146765,116.9665965,226.3320872
UIUC518,Conventional,152.7344793,19.9734399,4.148146766,98.05173398,207.4172247
UIUC523,Conventional,172.0173416,20.19031499,4.331183472,117.6107186,226.4239646
UIUC524,Conventional,193.7269453,19.39258399,3.701506601,138.1281386,249.3257521
UIUC526,Conventional,147.0564293,19.9734399,4.148146764,92.37368397,201.7391747
UIUC53,Conventional,154.0544385,24.15774937,8.985083957,99.39198041,208.7168966
UIUC539,Conventional,144.2906418,19.9734399,4.148146766,89.60789648,198.9733872
VIKING51,Conventional,199.3075058,18.54287659,3.103337763,141.3920273,257.2229843
VIKING72,Conventional,214.2642533,19.49448483,3.808280722,159.0471486,269.4813579
AM2500,Organic,99.21082467,21.45137503,5.971481534,46.66037578,151.7612736
BR59H44,Organic,162.9410673,19.52334672,4.100338429,109.2547063,216.6274283
BR64K93,Organic,155.9583247,21.45137503,5.971492844,103.4079,208.5087493
BR65G55,Organic,141.2218734,21.45298964,5.971587413,88.66769626,193.7760505
BR70A47,Organic,152.9968734,21.45298964,5.971587413,100.4426963,205.5510505
ILORG0004,Organic,161.4488201,21.43915685,5.957903721,108.899113,213.9985273
ISUORG001,Organic,157.3744219,22.48963714,7.231943175,104.538686,210.2101578
ISUORG002,Organic,181.8913219,22.48963714,7.231943175,129.055586,234.7270578
ISUORG003,Organic,124.2242553,22.48963714,7.231943175,71.38851934,177.0599912
ISUORG004,Organic,97.63172193,22.48963714,7.231943176,44.79598601,150.4674578
ISUORG005,Organic,140.2924219,22.48963714,7.231943175,87.45668601,193.1281578
ISUORG006,Organic,133.9174553,22.48963714,7.231943175,81.08171934,186.7531912
ISUORG007,Organic,172.3116553,22.48963714,7.231943174,119.4759193,225.1473912
ISUORG008,Organic,174.3839886,22.48963714,7.231943175,121.5482527,227.2197245
ISUORG009,Organic,155.3637219,22.48963714,7.231943175,102.527986,208.1994578
ISUORG010,Organic,142.6419886,22.48963714,7.231943175,89.80625268,195.4777245
ISUORG011,Organic,127.1171553,22.48963714,7.231943175,74.28141934,179.9528912
ISUORG012,Organic,138.3901886,22.48963714,7.231943175,85.55445268,191.2259245
ISUORG013,Organic,167.6600219,22.48963714,7.231943175,114.824286,220.4957578
ISUORG014,Organic,166.0270553,22.48963714,7.231943174,113.1913193,218.8627912
ISUORG015,Organic,110.1622219,22.48963714,7.231943175,57.32648601,162.9979578
ISUORG016,Organic,122.2284886,22.48963714,7.231943174,69.39275268,175.0642245
ISUORG017,Organic,137.3032495,20.18028075,4.682912241,84.35367581,190.2528231
ISUORG018,Organic,145.2270553,22.48963714,7.231943175,92.39131934,198.0627912
ISUORG019,Organic,118.6857886,22.48963714,7.231943175,65.85005268,171.5215245
ISUORG020,Organic,129.6234923,20.18028075,4.682912241,76.67391867,182.573066
ISUORG021,Organic,145.2927219,22.48963714,7.231943174,92.45698601,198.1284578
ISUORG022,Organic,130.3699673,19.52334672,4.100338429,76.68360626,184.0563283
ISUORG023,Organic,157.8272219,22.48963714,7.231943174,104.991486,210.6629578
ISUORG024,Organic,112.6321886,22.48963714,7.231943174,59.79645268,165.4679245
ISUORG025,Organic,118.3156923,20.18028075,4.682912241,65.36611867,171.265266
ISUORG026,Organic,98.00418859,22.48963714,7.231943174,45.16845268,150.8399245
ISUORG027,Organic,141.9225886,22.48963714,7.231943174,89.08685267,194.7583245
ISUORG028,Organic,133.4914886,22.48963714,7.231943174,80.65575267,186.3272245
ISUORG029,Organic,144.1142886,22.48963714,7.231943174,91.27855268,196.9500245
ISUORG030,Organic,93.17568859,22.48963714,7.231943175,40.33995268,146.0114245
ISUORG031,Organic,60.38165526,22.48963714,7.231943175,7.545919342,113.2173912
ISUORG032,Organic,148.6129553,22.48963714,7.231943175,95.77721934,201.4486912
ISUORG033,Organic,161.9490886,22.48963714,7.231943175,109.1133527,214.7848245
ISUORG034,Organic,95.54342193,22.48963714,7.231943175,42.70768601,148.3791578
ISUORG035,Organic,60.57685526,22.48963714,7.231943174,7.741119342,113.4125912
ISUORG036,Organic,86.80315526,22.48963714,7.231943175,33.96741934,139.6388912
ISUORG037,Organic,154.2629553,22.48963714,7.231943175,101.4272193,207.0986912
ISUORG038,Organic,153.1847886,22.48963714,7.231943175,100.3490527,206.0205245
ISUORG039,Organic,160.1331219,22.48963714,7.231943174,107.297386,212.9688578
ISUORG040,Organic,85.01765526,22.48963714,7.231943175,32.18191934,137.8533912
ISUORG041,Organic,146.4238219,22.48963714,7.231943174,93.58808601,199.2595578
ISUORG042,Organic,175.3109886,22.48963714,7.231943174,122.4752527,228.1467245
ISUORG043,Organic,141.5606886,22.48963714,7.231943174,88.72495268,194.3964245
ISUORG044,Organic,105.3650886,22.48963714,7.231943174,52.52935267,158.2008245
ISUORG045,Organic,124.3751886,22.48963714,7.231943175,71.53945268,177.2109245
ISUORG046,Organic,124.1125553,22.48963714,7.231943174,71.27681934,176.9482912
ISUORG047,Organic,156.5442219,22.48963714,7.231943174,103.708486,209.3799578
ISUORG048,Organic,154.1493553,22.48963714,7.231943174,101.3136193,206.9850912
ISUORG049,Organic,NA,NA,NA,NA,NA
ISUORG050,Organic,NA,NA,NA,NA,NA
ISUORG051,Organic,131.1276553,22.48963714,7.231943174,78.29191934,183.9633912
ISUORG052,Organic,167.3195553,22.48963714,7.231943174,114.4838193,220.1552912
ISUORG053,Organic,124.8590553,22.48963714,7.231943174,72.02331934,177.6947912
ISUORG054,Organic,121.9560886,22.48963714,7.231943174,69.12035267,174.7918245
ISUORG055,Organic,113.6715553,22.48963714,7.231943174,60.83581934,166.5072912
ISUORG056,Organic,136.3283219,22.48963714,7.231943174,83.49258601,189.1640578
ISUORG057,Organic,74.89658859,22.48963714,7.231943174,22.06085267,127.7323245
ISUORG058,Organic,91.14655526,22.48963714,7.231943174,38.31081934,143.9822912
ISUORG059,Organic,NA,NA,NA,NA,NA
ISUORG060,Organic,110.3654553,22.48963714,7.231943174,57.52971934,163.2011912
ISUORG061,Organic,149.9649886,22.48963714,7.231943174,97.12925267,202.8007245
ISUORG062,Organic,134.3201553,22.48963714,7.231943174,81.48441934,187.1558912
ISUORG063,Organic,119.2725219,22.48963714,7.231943174,66.43678601,172.1082578
ISUORG064,Organic,86.77535526,22.48963714,7.231943174,33.93961934,139.6110912
ISUORG065,Organic,155.7665886,22.48963714,7.231943174,102.9308527,208.6023245
ISUORG066,Organic,148.5469886,22.48963714,7.231943174,95.71125267,201.3827245
ISUORG067,Organic,106.6948219,22.48963714,7.231943174,53.85908601,159.5305578
ISUORG068,Organic,121.6250228,20.17356302,4.676006476,68.66762626,174.5824193
ISUORG069,Organic,152.6025673,19.52334672,4.100338429,98.91620626,206.2889283
ISUORG070,Organic,93.17898859,22.48963714,7.231943174,40.34325267,146.0147245
ISUORG071,Organic,111.2652553,22.48963714,7.231943174,58.42951934,164.1009912
ISUORG072,Organic,111.7535219,22.48963714,7.231943174,58.91778601,164.5892578
ISUORG073,Organic,115.8302219,22.48963714,7.231943174,62.99448601,168.6659578
ISUORG074,Organic,NA,NA,NA,NA,NA
ISUORG075,Organic,133.1398886,22.48963714,7.231943173,80.30415267,185.9756245
ISUORG076,Organic,124.3584469,24.22921468,9.739663758,70.17615239,178.5407414
ISUORG077,Organic,NA,NA,NA,NA,NA
ISUORG078,Organic,96.59115526,22.48963714,7.231943175,43.75541934,149.4268912
ISUORG079,Organic,125.0179553,22.48963714,7.231943174,72.18221934,177.8536912
ISUORG080,Organic,4.416388595,22.48963714,7.231943174,-48.41934733,57.25212452
ISUORG081,Organic,137.1371886,22.48963714,7.231943174,84.30145267,189.9729245
ISUORG082,Organic,90.09458859,22.48963714,7.231943174,37.25885267,142.9303245
ISUORG083,Organic,112.2083886,22.48963714,7.231943175,59.37265268,165.0441245
ISUORG084,Organic,111.7738201,21.43915685,5.957903721,59.22411296,164.3235273
ISUORG085,Organic,139.3163201,21.43915685,5.957903721,86.76661296,191.8660273
ISUORG086,Organic,102.6938201,21.43915685,5.957903721,50.14411296,155.2435273
ISUORG087,Organic,81.04132014,21.43915685,5.957903722,28.49161296,133.5910273
ISUORG088,Organic,92.59382014,21.43915685,5.957903722,40.04411296,145.1435273
ISUORG089,Organic,94.24632014,21.43915685,5.957903722,41.69661296,146.7960273
ISUORG090,Organic,140.6468734,21.45298964,5.971587412,88.09269625,193.2010505
ISUORG091,Organic,150.9968734,21.45298964,5.971587413,98.44269626,203.5510505
ISUORG092,Organic,134.9218734,21.45298964,5.971587413,82.36769626,187.4760505
ISUORG095,Organic,106.3788201,21.43915685,5.957903721,53.82911296,158.9285273
ISUORG098,Organic,142.2938201,21.43915685,5.957903722,89.74411296,194.8435273
ISUORG099,Organic,100.6718734,21.45298964,5.971587412,48.11769625,153.2260505
ISUORG100,Organic,147.2218734,21.45298964,5.971587413,94.66769626,199.7760505
ISUORG101,Organic,138.7218734,21.45298964,5.971587413,86.16769625,191.2760505
ISUORG102,Organic,126.1468734,21.45298964,5.971587413,73.59269626,178.7010505
ISUORG103,Organic,137.5968734,21.45298964,5.971587413,85.04269625,190.1510505
ISUORG104,Organic,148.8468734,21.45298964,5.971587412,96.29269625,201.4010505
ISUORG105,Organic,137.0968734,21.45298964,5.971587412,84.54269625,189.6510505
ISUORG106,Organic,112.0968734,21.45298964,5.971587412,59.54269625,164.6510505
ISUORG107,Organic,146.8718734,21.45298964,5.971587412,94.31769625,199.4260505
ISUORG108,Organic,148.3718734,21.45298964,5.971587412,95.81769625,200.9260505
ISUORG109,Organic,128.9296449,22.37365611,7.063811438,76.12108482,181.7382051
ISUORG110,Organic,117.5968734,21.45298964,5.971587412,65.04269625,170.1510505
ISUORG111,Organic,152.6718734,21.45298964,5.971587412,100.1176963,205.2260505
ISUORG112,Organic,152.6718734,21.45298964,5.971587412,100.1176963,205.2260505
ISUORG113,Organic,135.7468734,21.45298964,5.971587412,83.19269625,188.3010505
ISUORG114,Organic,129.8718734,21.45298964,5.971587413,77.31769626,182.4260505
ISUORG115,Organic,124.1218734,21.45298964,5.971587412,71.56769625,176.6760505
ISUORG116,Organic,139.3968734,21.45298964,5.971587411,86.84269625,191.9510505
ISUORG117,Organic,127.0468734,21.45298964,5.971587412,74.49269625,179.6010505
ISUORG118,Organic,141.4468734,21.45298964,5.971587412,88.89269625,194.0010505
ISUORG119,Organic,146.9968734,21.45298964,5.971587412,94.44269625,199.5510505
ISUORG120,Organic,142.9968734,21.45298964,5.971587412,90.44269625,195.5510505
ISUORG121,Organic,140.8218734,21.45298964,5.971587412,88.26769625,193.3760505
ISUORG122,Organic,143.0468734,21.45298964,5.971587413,90.49269625,195.6010505
ISUORG123,Organic,121.7718734,21.45298964,5.971587412,69.21769625,174.3260505
ISUORG124,Organic,140.1718734,21.45298964,5.971587412,87.61769625,192.7260505
ISUORG125,Organic,149.0468734,21.45298964,5.971587412,96.49269625,201.6010505
ISUORG126,Organic,125.8718734,21.45298964,5.971587413,73.31769626,178.4260505
ISUORG127,Organic,110.8218734,21.45298964,5.971587413,58.26769626,163.3760505
ISUORG128,Organic,130.6718734,21.45298964,5.971587413,78.11769626,183.2260505
ISUORG129,Organic,141.0218734,21.45298964,5.971587413,88.46769626,193.5760505
ISUORG130,Organic,130.0718734,21.45298964,5.971587413,77.51769626,182.6260505
ISUORG131,Organic,155.9912219,22.48963714,7.231943175,103.155486,208.8269578
ISUORG132,Organic,83.69745526,22.48963714,7.231943175,30.86171934,136.5331912
ISUORG133,Organic,103.1413201,21.43915685,5.957903721,50.59161296,155.6910273
ISUORG134,Organic,122.0363201,21.43915685,5.957903721,69.48661296,174.5860273
ISUORG135,Organic,120.0713201,21.43915685,5.957903721,67.52161296,172.6210273
ISUORG136,Organic,121.2288201,21.43915685,5.957903721,68.67911296,173.7785273
ISUORG137,Organic,83.71632014,21.43915685,5.957903721,31.16661296,136.2660273
ISUORG138,Organic,123.8338201,21.43915685,5.957903722,71.28411296,176.3835273
ISUORG139,Organic,107.3388201,21.43915685,5.957903721,54.78911296,159.8885273
ISUORG140,Organic,144.1788201,21.43915685,5.957903721,91.62911296,196.7285273
ISUORG141,Organic,149.3763201,21.43915685,5.957903722,96.82661296,201.9260273
ISUORG142,Organic,129.9038201,21.43915685,5.957903721,77.35411296,182.4535273
ISUORG143,Organic,139.7213201,21.43915685,5.957903721,87.17161296,192.2710273
ISUORG144,Organic,127.7838201,21.43915685,5.957903721,75.23411296,180.3335273
ISUORG145,Organic,133.1538201,21.43915685,5.957903722,80.60411296,185.7035273
ISUORG146,Organic,131.5113201,21.43915685,5.957903721,78.96161296,184.0610273
ISUORG147,Organic,111.6838201,21.43915685,5.957903722,59.13411296,164.2335273
ISUORG148,Organic,138.6588201,21.43915685,5.957903722,86.10911296,191.2085273
ISUORG149,Organic,117.2238201,21.43915685,5.957903721,64.67411296,169.7735273
ISUORG150,Organic,120.7268156,24.09879067,9.507323846,66.65179446,174.8018368
ISUORG151,Organic,128.3768156,24.09879067,9.507323847,74.30179446,182.4518368
ISUORG152,Organic,85.77681561,24.09879067,9.507323847,31.70179446,139.8518368
ISUORG153,Organic,78.17681561,24.09879067,9.507323848,24.10179446,132.2518368
ISUORG154,Organic,91.47681561,24.09879067,9.507323847,37.40179446,145.5518368
ISUORG155,Organic,115.5363201,21.43915685,5.957903721,62.98661296,168.0860273
ISUORG156,Organic,116.3533548,22.36069367,7.049460932,63.55382826,169.1528813
ISUORG157,Organic,150.9768156,24.09879067,9.507323847,96.90179446,205.0518368
ISUORG158,Organic,96.42681561,24.09879067,9.507323847,42.35179446,150.5018368
ISUORG159,Organic,101.2768156,24.09879067,9.507323847,47.20179446,155.3518368
ISUORG160,Organic,110.6768156,24.09879067,9.507323847,56.60179446,164.7518368
ISUORG161,Organic,118.5629491,22.36077872,7.049561092,65.76337265,171.3625256
ISUORG162,Organic,108.9738201,21.43915685,5.957903721,56.42411296,161.5235273
ISUORG163,Organic,138.3163201,21.43915685,5.957903722,85.76661296,190.8660273
ISUORG164,Organic,135.9343734,19.99840047,4.509889715,82.80017529,189.0685715
ISUORG165,Organic,117.1468734,21.45298964,5.971587413,64.59269626,169.7010505
ISUORG166,Organic,137.8218734,19.99840047,4.509889714,84.68767528,190.9560715
ISUORG167,Organic,153.3400223,19.454717,4.039625729,99.53338917,207.1466555
ISUORG168,Organic,149.8968734,21.45298964,5.971587412,97.34269625,202.4510505
ISUORG169,Organic,149.5218734,21.45298964,5.971587412,96.96769625,202.0760505
ISUORG170,Organic,166.0718734,21.45298964,5.971587412,113.5176963,218.6260505
ISUORG171,Organic,155.7218734,21.45298964,5.971587412,103.1676963,208.2760505
ISUORG172,Organic,160.5718734,21.45298964,5.971587412,108.0176963,213.1260505
ISUORG173,Organic,149.0218734,21.45298964,5.971587412,96.46769625,201.5760505
ISUORG174,Organic,179.2968734,21.45298964,5.971587412,126.7426963,231.8510505
ISUORG175,Organic,147.0968734,21.45298964,5.971587412,94.54269625,199.6510505
ISUORG176,Organic,157.5468734,21.45298964,5.971587412,104.9926963,210.1010505
ISUORG177,Organic,134.3968734,21.45298964,5.971587412,81.84269625,186.9510505
ISUORG178,Organic,134.4968734,21.45298964,5.971587413,81.94269625,187.0510505
ISUORG179,Organic,144.7718734,21.45298964,5.971587412,92.21769625,197.3260505
ISUORG180,Organic,143.1718734,21.45298964,5.971587412,90.61769625,195.7260505
ISUORG181,Organic,127.6218734,21.45298964,5.971587412,75.06769625,180.1760505
ISUORG182,Organic,153.4968734,21.45298964,5.971587412,100.9426963,206.0510505
ISUORG183,Organic,148.6468734,21.45298964,5.971587413,96.09269625,201.2010505
ISUORG184,Organic,150.6218734,21.45298964,5.971587413,98.06769626,203.1760505
ISUORG185,Organic,153.0718734,21.45298964,5.971587412,100.5176963,205.6260505
ISUORG186,Organic,149.0718734,21.45298964,5.971587412,96.51769625,201.6260505
ISUORG187,Organic,147.3718734,21.45298964,5.971587412,94.81769625,199.9260505
ISUORG188,Organic,153.3218734,21.45298964,5.971587412,100.7676963,205.8760505
ISUORG189,Organic,141.5718734,21.45298964,5.971587412,89.01769625,194.1260505
ISUORG190,Organic,160.1718734,21.45298964,5.971587412,107.6176963,212.7260505
ISUORG191,Organic,165.5218734,21.45298964,5.971587412,112.9676963,218.0760505
ISUORG192,Organic,129.0968734,21.45298964,5.971587412,76.54269625,181.6510505
ISUORG193,Organic,131.3968734,21.45298964,5.971587413,78.84269626,183.9510505
ISUORG194,Organic,126.8468734,21.45298964,5.971587412,74.29269625,179.4010505
ISUORG195,Organic,140.2718734,21.45298964,5.971587414,87.71769626,192.8260505
ISUORG196,Organic,129.7718734,21.45298964,5.971587413,77.21769626,182.3260505
ISUORG197,Organic,129.7968734,21.45298964,5.971587412,77.24269625,182.3510505
ISUORG198,Organic,128.7468734,21.45298964,5.971587413,76.19269626,181.3010505
ISUORG199,Organic,151.5468734,21.45298964,5.971587412,98.99269625,204.1010505
ISUORG200,Organic,148.3218734,21.45298964,5.971587412,95.76769625,200.8760505
ISUORG201,Organic,151.1468734,21.45298964,5.971587413,98.59269626,203.7010505
ISUORG202,Organic,87.17159677,19.95848508,4.474709053,34.0011462,140.3420473
ISUORG203,Organic,115.2188201,21.43915685,5.957903721,62.66911296,167.7685273
ISUORG204,Organic,160.1718734,21.45298964,5.971587412,107.6176963,212.7260505
ISUORG205,Organic,101.3863201,21.43915685,5.957903722,48.83661296,153.9360273
ISUORG206,Organic,75.53882014,21.43915685,5.957903721,22.98911296,128.0885273
ISUORG207,Organic,137.8342351,19.20069383,3.832664193,83.59396715,192.074503
ISUORG208,Organic,127.6038201,21.43915685,5.957903721,75.05411296,180.1535273
ISUORG209,Organic,132.3013201,21.43915685,5.957903728,79.75161297,184.8510273
ISUORG210,Organic,131.1763201,21.43915685,5.957903722,78.62661296,183.7260273
ISUORG211,Organic,132.6963201,21.43915685,5.957903722,80.14661296,185.2460273
ISUORG212,Organic,106.0838201,21.43915685,5.957903722,53.53411296,158.6335273
ISUORG213,Organic,101.6263201,21.43915685,5.957903722,49.07661296,154.1760273
ISUORG214,Organic,121.5813201,21.43915685,5.957903721,69.03161296,174.1310273
ISUORG215,Organic,102.3363201,21.43915685,5.957903721,49.78661296,154.8860273
ISUORG216,Organic,129.1063201,21.43915685,5.957903721,76.55661296,181.6560273
ISUORG217,Organic,126.7413201,21.43915685,5.957903721,74.19161296,179.2910273
ISUORG218,Organic,137.4913201,21.43915685,5.957903722,84.94161296,190.0410273
ISUORG219,Organic,150.8978468,19.95848508,4.474709053,97.7273962,204.0682973
ISUORG220,Organic,119.8638201,21.43915685,5.957903721,67.31411296,172.4135273
ISUORG221,Organic,123.1163201,21.43915685,5.957903721,70.56661296,175.6660273
ISUORG222,Organic,110.4763201,21.43915685,5.957903721,57.92661296,163.0260273
ISUORG223,Organic,98.36382014,21.43915685,5.957903721,45.81411296,150.9135273
ISUORG224,Organic,132.1638201,21.43915685,5.957903721,79.61411296,184.7135273
ISUORG225,Organic,109.6338201,21.43915685,5.957903721,57.08411296,162.1835273
ISUORG226,Organic,125.6263201,21.43915685,5.957903722,73.07661296,178.1760273
ISUORG227,Organic,121.9468734,21.45298964,5.971587413,69.39269626,174.5010505
ISUORG228,Organic,113.6813201,21.43915685,5.957903722,61.13161296,166.2310273
ISUORG229,Organic,118.7638201,21.43915685,5.957903722,66.21411296,171.3135273
ISUORG230,Organic,130.9138201,21.43915685,5.957903723,78.36411296,183.4635273
ISUORG231,Organic,116.4688201,21.43915685,5.957903721,63.91911296,169.0185273
ISUORG232,Organic,137.3628468,19.95848508,4.474709054,84.1923962,190.5332973
ISUORG233,Organic,120.8213201,21.43915685,5.957903722,68.27161296,173.3710273
ISUORG234,Organic,139.6763201,21.43915685,5.957903723,87.12661296,192.2260273
ISUORG235,Organic,115.1138201,21.43915685,5.957903722,62.56411296,167.6635273
ISUORG236,Organic,128.5988201,21.43915685,5.957903721,76.04911296,181.1485273
ISUORG237,Organic,106.4538201,21.43915685,5.957903722,53.90411296,159.0035273
ISUORG238,Organic,100.1288201,21.43915685,5.957903722,47.57911296,152.6785273
ISUORG239,Organic,88.80882014,21.43915685,5.957903722,36.25911296,141.3585273
ISUORG240,Organic,109.9128468,19.95848508,4.474709054,56.7423962,163.0832973
ISUORG241,Organic,114.6938201,21.43915685,5.957903722,62.14411296,167.2435273
ISUORG242,Organic,118.7613201,21.43915685,5.957903722,66.21161296,171.3110273
ISUORG243,Organic,110.0988201,21.43915685,5.957903722,57.54911296,162.6485273
ISUORG244,Organic,118.3603468,19.95848508,4.474709053,65.1898962,171.5307973
ISUORG245,Organic,118.2588201,21.43915685,5.957903721,65.70911296,170.8085273
ISUORG246,Organic,125.1688201,21.43915685,5.957903722,72.61911296,177.7185273
ISUORG247,Organic,104.9263201,21.43915685,5.957903722,52.37661296,157.4760273
ISUORG248,Organic,96.68882014,21.43915685,5.957903722,44.13911296,149.2385273
ISUORG249,Organic,104.4938201,21.43915685,5.957903721,51.94411296,157.0435273
ISUORG250,Organic,106.8263201,21.43915685,5.957903722,54.27661296,159.3760273
ISUORG251,Organic,97.67882014,21.43915685,5.957903722,45.12911296,150.2285273
ISUORG252,Organic,116.1163201,21.43915685,5.957903722,63.56661296,168.6660273
ISUORG253,Organic,150.579189,19.454717,4.039625729,96.77255584,204.3858221
ISUORG254,Organic,147.9218734,21.45298964,5.971587413,95.36769626,200.4760505
ISUORG255,Organic,133.1468734,21.45298964,5.971587413,80.59269626,185.7010505
ISUORG256,Organic,120.6990968,19.95848508,4.474709053,67.5286462,173.8695473
ISUORG257,Organic,104.4968734,21.45298964,5.971587413,51.94269626,157.0510505
ISUORG258,Organic,116.3913201,21.43915685,5.957903722,63.84161296,168.9410273
ISUORG259,Organic,111.0178468,19.95848508,4.474709053,57.8473962,164.1882973
ISUORG260,Organic,104.6138201,21.43915685,5.957903721,52.06411296,157.1635273
ISUORG261,Organic,144.4468734,21.45298964,5.971587412,91.89269625,197.0010505
ISUORG262,Organic,144.0218734,21.45298964,5.971587413,91.46769626,196.5760505
ISUORG263,Organic,71.05132014,21.43915685,5.957903722,18.50161296,123.6010273
ISUORG264,Organic,122.8968734,21.45298964,5.971587413,70.34269626,175.4510505
ISUORG265,Organic,104.9213201,21.43915685,5.957903722,52.37161296,157.4710273
ISUORG266,Organic,106.0663201,21.43915685,5.957903722,53.51661296,158.6160273
ISUORG267,Organic,145.7718734,21.45298964,5.971587413,93.21769626,198.3260505
ISUORG268,Organic,140.0218734,21.45298964,5.971587413,87.46769626,192.5760505
ISUORG269,Organic,117.8288201,21.43915685,5.957903722,65.27911296,170.3785273
ISUORG270,Organic,118.8968734,21.45298964,5.971587413,66.34269626,171.4510505
ISUORG271,Organic,139.1313201,21.43915685,5.957903723,86.58161296,191.6810273
ISUORG272,Organic,119.2466881,22.36069367,7.049460933,66.4471616,172.0462146
ISUORG273,Organic,102.9363201,21.43915685,5.957903723,50.38661296,155.4860273
ISUORG274,Organic,135.4913201,21.43915685,5.957903723,82.94161296,188.0410273
ISUORG275,Organic,139.0218734,21.45298964,5.971587414,86.46769626,191.5760505
ISUORG276,Organic,148.3718734,21.45298964,5.971587414,95.81769626,200.9260505
ISUORG277,Organic,122.2468734,21.45298964,5.971587413,69.69269626,174.8010505
ISUORG278,Organic,116.8488201,21.43915685,5.957903722,64.29911296,169.3985273
ISUORG279,Organic,124.4968734,21.45298964,5.971587413,71.94269626,177.0510505
ISUORG280,Organic,107.7088201,21.43915685,5.957903723,55.15911296,160.2585273
ISUORG281,Organic,144.9468734,21.45298964,5.971587412,92.39269625,197.5010505
ISUORG282,Organic,97.31382014,21.43915685,5.957903723,44.76411296,149.8635273
ISUORG283,Organic,128.0638201,21.43915685,5.957903724,75.51411297,180.6135273
ISUORG284,Organic,143.7629783,22.37365611,7.063811434,90.95441814,196.5715384
ISUORG285,Organic,133.9218734,21.45298964,5.971587413,81.36769626,186.4760505
ISUORG286,Organic,118.5468734,21.45298964,5.971587413,65.99269626,171.1010505
ISUORG287,Organic,126.7988201,21.43915685,5.957903723,74.24911296,179.3485273
ISUORG288,Organic,142.3718734,21.45298964,5.971587412,89.81769625,194.9260505
ISUORG289,Organic,125.6763201,21.43915685,5.957903723,73.12661296,178.2260273
ISUORG290,Organic,107.5468734,21.45298964,5.971587412,54.99269625,160.1010505
ISUORG291,Organic,133.1338201,21.43915685,5.957903723,80.58411296,185.6835273
ISUORG292,Organic,86.55382014,21.43915685,5.957903724,34.00411297,139.1035273
ISUORG293,Organic,138.6263201,21.43915685,5.957903723,86.07661296,191.1760273
ISUORG294,Organic,136.8968734,21.45298964,5.971587412,84.34269625,189.4510505
ISUORG295,Organic,125.8468734,21.45298964,5.971587412,73.29269625,178.4010505
ISUORG296,Organic,95.06382014,21.43915685,5.957903723,42.51411296,147.6135273
ISUORG297,Organic,114.8718734,21.45298964,5.971587413,62.31769626,167.4260505
ISUORG298,Organic,125.7188201,21.43915685,5.957903723,73.16911296,178.2685273
ISUORG299,Organic,132.1218734,21.45298964,5.971587412,79.56769625,184.6760505
ISUORG300,Organic,107.7263201,21.43915685,5.957903723,55.17661296,160.2760273
ISUORG301,Organic,124.6263201,21.43915685,5.957903723,72.07661297,177.1760273
ISUORG302,Organic,135.7468734,21.45298964,5.971587412,83.19269625,188.3010505
ISUORG303,Organic,132.3718734,21.45298964,5.971587412,79.81769625,184.9260505
ISUORG304,Organic,92.7218734,21.45298964,5.971587412,40.16769625,145.2760505
ISUORG305,Organic,119.4713201,21.43915685,5.957903722,66.92161296,172.0210273
ISUORG306,Organic,110.2718734,21.45298964,5.971587412,57.71769625,162.8260505
ISUORG307,Organic,124.4288201,21.43915685,5.957903723,71.87911296,176.9785273
ISUORG308,Organic,105.3968734,21.45298964,5.971587413,52.84269626,157.9510505
ISUORG309,Organic,81.98882014,21.43915685,5.957903723,29.43911296,134.5385273
ISUORG310,Organic,140.5838201,21.43915685,5.957903723,88.03411296,193.1335273
ISUORG311,Organic,148.0468734,21.45298964,5.971587412,95.49269625,200.6010505
ISUORG312,Organic,128.9718734,21.45298964,5.971587412,76.41769625,181.5260505
ISUORG313,Organic,139.9963201,21.43915685,5.957903723,87.44661296,192.5460273
ISUORG314,Organic,155.0968734,21.45298964,5.971587412,102.5426963,207.6510505
ISUORG315,Organic,122.2888201,21.43915685,5.957903723,69.73911296,174.8385273
ISUORG316,Organic,128.6718734,21.45298964,5.971587412,76.11769625,181.2260505
ISUORG317,Organic,128.2413201,21.43915685,5.957903723,75.69161296,180.7910273
ISUORG318,Organic,95.31882014,21.43915685,5.957903723,42.76911296,147.8685273
ISUORG319,Organic,89.23882014,21.43915685,5.957903723,36.68911296,141.7885273
ISUORG320,Organic,155.4468734,21.45298964,5.971587412,102.8926963,208.0010505
ISUORG321,Organic,120.7218734,21.45298964,5.971587412,68.16769625,173.2760505
ISUORG322,Organic,74.22132014,21.43915685,5.957903723,21.67161296,126.7710273
ISUORG323,Organic,135.5718734,21.45298964,5.971587412,83.01769625,188.1260505
ISUORG324,Organic,134.9468734,21.45298964,5.971587412,82.39269625,187.5010505
ISUORG325,Organic,93.28382014,21.43915685,5.957903723,40.73411296,145.8335273
ISUORG326,Organic,59.01132014,21.43915685,5.957903723,6.461612964,111.5610273
ISUORG327,Organic,34.44132014,21.43915685,5.957903722,-18.10838704,86.99102732
ISUORG328,Organic,147.6218734,21.45298964,5.971587412,95.06769625,200.1760505
ISUORG329,Organic,128.1210797,20.17559444,4.672466729,75.14526764,181.0968918
ISUORG330,Organic,155.5968734,21.45298964,5.971587412,103.0426963,208.1510505
ISUORG331,Organic,135.2338201,21.43915685,5.957903723,82.68411296,187.7835273
ISUORG332,Organic,117.0163201,21.43915685,5.957903723,64.46661296,169.5660273
ISUORG333,Organic,116.2263201,21.43915685,5.957903723,63.67661296,168.7760273
ISUORG334,Organic,115.0788201,21.43915685,5.957903723,62.52911296,167.6285273
ISUORG335,Organic,106.6613201,21.43915685,5.957903723,54.11161296,159.2110273
ISUORG336,Organic,118.4038201,21.43915685,5.957903723,65.85411296,170.9535273
ISUORG337,Organic,123.0388201,21.43915685,5.957903723,70.48911296,175.5885273
ISUORG338,Organic,113.7903468,19.95848508,4.474709055,60.61989621,166.9607973
ISUORG339,Organic,121.1385401,19.48942723,4.068083501,67.38250458,174.8945756
ISUORG340,Organic,134.3468734,21.45298964,5.971587412,81.79269625,186.9010505
ISUORG341,Organic,122.5718734,21.45298964,5.971587412,70.01769625,175.1260505
ISUORG342,Organic,153.5218734,21.45298964,5.971587412,100.9676963,206.0760505
ISUORG343,Organic,121.7218734,21.45298964,5.971587412,69.16769625,174.2760505
ISUORG344,Organic,95.1218734,21.45298964,5.971587413,42.56769626,147.6760505
ISUORG345,Organic,123.8468734,21.45298964,5.971587413,71.29269626,176.4010505
ISUORG346,Organic,126.1718734,21.45298964,5.971587412,73.61769625,178.7260505
ISUORG347,Organic,106.6718734,21.45298964,5.971587413,54.11769625,159.2260505
ISUORG348,Organic,146.1953468,19.95848508,4.474709054,93.0248962,199.3657973
ISUORG349,Organic,136.1863201,21.43915685,5.957903723,83.63661296,188.7360273
ISUORG350,Organic,120.8613201,21.43915685,5.957903723,68.31161296,173.4110273
ISUORG351,Organic,134.8788201,21.43915685,5.957903723,82.32911296,187.4285273
ISUORG352,Organic,106.5965968,19.95848508,4.474709054,53.42614621,159.7670473
ISUORG353,Organic,125.5838201,21.43915685,5.957903723,73.03411296,178.1335273
ISUORG354,Organic,124.1468734,21.45298964,5.971587412,71.59269625,176.7010505
ISUORG355,Organic,127.8290968,19.95848508,4.474709054,74.65864621,180.9995473
ISUORG356,Organic,142.2218734,21.45298964,5.971587419,89.66769627,194.7760505
ISUORG357,Organic,155.6718734,21.45298964,5.971587412,103.1176963,208.2260505
ISUORG358,Organic,116.8468734,21.45298964,5.971587412,64.29269625,169.4010505
ISUORG359,Organic,59.32964494,22.37365611,7.063811433,6.52108481,112.1382051
ISUORG360,Organic,146.9468734,19.99840047,4.509889714,93.81267528,200.0810715
ISUORG361,Organic,142.6468734,21.45298964,5.971587413,90.09269626,195.2010505
ISUORG362,Organic,131.8468734,21.45298964,5.971587413,79.29269626,184.4010505
ISUORG363,Organic,135.2468734,21.45298964,5.971587413,82.69269626,187.8010505
ISUORG364,Organic,140.8718734,21.45298964,5.971587413,88.31769626,193.4260505
ISUORG365,Organic,118.7968734,21.45298964,5.971587413,66.24269626,171.3510505
ISUORG366,Organic,131.4468734,21.45298964,5.971587413,78.89269626,184.0010505
ISUORG367,Organic,119.0468734,21.45298964,5.971587413,66.49269626,171.6010505
ISUORG368,Organic,139.0218734,21.45298964,5.971587412,86.46769625,191.5760505
ISUORG369,Organic,145.7218734,21.45298964,5.971587413,93.16769626,198.2760505
ISUORG370,Organic,124.2468734,21.45298964,5.971587413,71.69269626,176.8010505
ISUORG371,Organic,150.5653468,19.95848508,4.474709054,97.39489621,203.7357973
ISUORG372,Organic,141.7288201,21.43915685,5.957903724,89.17911297,194.2785273
ISUORG373,Organic,159.3468734,21.45298964,5.971587414,106.7926963,211.9010505
ISUORG374,Organic,127.0413201,21.43915685,5.957903723,74.49161297,179.5910273
ISUORG375,Organic,129.9338201,21.43915685,5.957903723,77.38411296,182.4835273
ISUORG376,Organic,122.5288201,21.43915685,5.957903723,69.97911296,175.0785273
ISUORG377,Organic,158.1733556,19.454717,4.039625728,104.3667225,211.9799888
ISUORG378,Organic,153.0468734,21.45298964,5.971587414,100.4926963,205.6010505
ISUORG379,Organic,126.8718734,21.45298964,5.971587414,74.31769626,179.4260505
ISUORG380,Organic,143.2718734,21.45298964,5.971587414,90.71769626,195.8260505
ISUORG381,Organic,118.9218734,21.45298964,5.971587413,66.36769626,171.4760505
ISUORG382,Organic,137.6468734,21.45298964,5.971587414,85.09269626,190.2010505
ISUORG383,Organic,104.0718734,21.45298964,5.971587414,51.51769626,156.6260505
ISUORG384,Organic,146.9218734,21.45298964,5.971587414,94.36769626,199.4760505
ISUORG385,Organic,126.2188201,21.43915685,5.957903723,73.66911297,178.7685273
ISUORG386,Organic,132.4718734,21.45298964,5.971587414,79.91769626,185.0260505
ISUORG387,Organic,102.0663201,21.43915685,5.957903724,49.51661297,154.6160273
ISUORG388,Organic,111.5718734,21.45298964,5.971587414,59.01769626,164.1260505
ISUORG389,Organic,153.0440968,19.95848508,4.474709055,99.87364621,206.2145473
ISUORG390,Organic,133.9838201,21.43915685,5.957903723,81.43411296,186.5335273
ISUORG391,Organic,111.8913201,21.43915685,5.957903723,59.34161296,164.4410273
ISUORG392,Organic,140.7838201,21.43915685,5.957903723,88.23411297,193.3335273
ISUORG393,Organic,99.85882014,21.43915685,5.957903723,47.30911296,152.4085273
ISUORG394,Organic,59.05632014,21.43915685,5.957903723,6.506612964,111.6060273
ISUORG396,Organic,139.0138201,21.43915685,5.957903724,86.46411297,191.5635273
ISUORG397,Organic,134.6240968,19.95848508,4.474709055,81.45364621,187.7945473
ISUORG398,Organic,118.9113201,21.43915685,5.957903723,66.36161296,171.4610273
ISUORG399,Organic,135.6988201,21.43915685,5.957903724,83.14911297,188.2485273
ISUORG400,Organic,107.8088201,21.43915685,5.957903724,55.25911297,160.3585273
ISUORG402,Organic,160.9788201,21.43915685,5.957903724,108.429113,213.5285273
ISUORG403,Organic,150.0413201,21.43915685,5.957903724,97.49161297,202.5910273
ISUORG404,Organic,127.4463201,21.43915685,5.957903723,74.89661296,179.9960273
ISUORG405,Organic,113.8588201,21.43915685,5.957903723,61.30911296,166.4085273
ISUORG406,Organic,129.4563201,21.43915685,5.957903724,76.90661297,182.0060273
ISUORG407,Organic,137.0063201,21.43915685,5.957903724,84.45661297,189.5560273
ISUORG408,Organic,132.9263201,21.43915685,5.957903723,80.37661297,185.4760273
ISUORG409,Organic,133.5863201,21.43915685,5.957903723,81.03661296,186.1360273
ISUORG410,Organic,136.9213201,21.43915685,5.957903723,84.37161296,189.4710273
ISUORG411,Organic,103.3938201,21.43915685,5.957903723,50.84411296,155.9435273
ISUORG412,Organic,137.8288201,21.43915685,5.957903723,85.27911296,190.3785273
ISUORG413,Organic,148.1488201,21.43915685,5.957903724,95.59911297,200.6985273
ISUORG414,Organic,159.7015968,19.95848508,4.474709055,106.5311462,212.8720473
ISUORG415,Organic,133.8488201,21.43915685,5.957903724,81.29911297,186.3985273
ISUORG416,Organic,152.8788201,21.43915685,5.957903723,100.329113,205.4285273
ISUORG417,Organic,115.9963201,21.43915685,5.957903724,63.44661297,168.5460273
ISUORG418,Organic,114.7338201,21.43915685,5.957903723,62.18411296,167.2835273
ISUORG419,Organic,143.4813201,21.43915685,5.957903723,90.93161296,196.0310273
ISUORG420,Organic,131.3663201,21.43915685,5.957903724,78.81661297,183.9160273
ISUORG421,Organic,120.0613201,21.43915685,5.957903723,67.51161297,172.6110273
ISUORG422,Organic,126.3888201,21.43915685,5.957903723,73.83911296,178.9385273
ISUORG423,Organic,137.1563201,21.43915685,5.957903723,84.60661296,189.7060273
ISUORG424,Organic,149.4413201,21.43915685,5.957903724,96.89161297,201.9910273
ISUORG425,Organic,160.1653468,19.95848508,4.474709055,106.9948962,213.3357973
ISUORG426,Organic,136.8163201,21.43915685,5.957903723,84.26661296,189.3660273
ISUORG427,Organic,144.3838201,21.43915685,5.957903723,91.83411296,196.9335273
ISUORG428,Organic,136.5938201,21.43915685,5.957903723,84.04411297,189.1435273
ISUORG429,Organic,134.8313201,21.43915685,5.957903723,82.28161296,187.3810273
ISUORG430,Organic,141.1165968,19.95848508,4.474709055,87.94614621,194.2870473
ISUORG431,Organic,143.6913201,21.43915685,5.957903723,91.14161296,196.2410273
ISUORG432,Organic,122.5863201,21.43915685,5.957903723,70.03661296,175.1360273
ISUORG433,Organic,150.6588201,21.43915685,5.957903723,98.10911297,203.2085273
ISUORG434,Organic,131.0413201,21.43915685,5.957903723,78.49161296,183.5910273
ISUORG435,Organic,118.9663201,21.43915685,5.957903723,66.41661296,171.5160273
ISUORG436,Organic,139.1588201,21.43915685,5.957903723,86.60911296,191.7085273
ISUORG437,Organic,130.5468734,19.48942723,4.068083501,76.79083791,184.3029089
ISUORG438,Organic,130.4303468,19.95848508,4.474709055,77.25989621,183.6007973
ISUORG439,Organic,138.4468734,21.45298964,5.971587413,85.89269626,191.0010505
ISUORG440,Organic,99.58882014,21.43915685,5.957903724,47.03911297,152.1385273
ISUORG441,Organic,129.2218734,21.45298964,5.971587413,76.66769626,181.7760505
ISUORG442,Organic,152.0613201,21.43915685,5.957903723,99.51161296,204.6110273
ISUORG443,Organic,115.4718734,21.45298964,5.971587418,62.91769627,168.0260505
KTC001,Organic,123.3718734,21.45298964,5.971587414,70.81769626,175.9260505
KTC006,Organic,143.3968734,21.45298964,5.971587414,90.84269626,195.9510505
KTC007,Organic,129.9302272,22.37423887,7.064513481,77.12134439,182.73911
KTC013,Organic,148.9718734,21.45298964,5.971587414,96.41769626,201.5260505
KTC014,Organic,144.9718734,21.45298964,5.971587413,92.41769626,197.5260505
KTC016,Organic,158.8468734,21.45298964,5.971587414,106.2926963,211.4010505
KTC017,Organic,157.1718734,21.45298964,5.971587414,104.6176963,209.7260505
KTC018,Organic,131.3468734,21.45298964,5.971587414,78.79269626,183.9010505
KTC019,Organic,176.4968734,21.45298964,5.971587414,123.9426963,229.0510505
KTC020,Organic,145.4968734,21.45298964,5.971587414,92.94269626,198.0510505
KTC021,Organic,150.1218734,21.45298964,5.971587414,97.56769626,202.6760505
KTC022,Organic,148.2718734,21.45298964,5.971587414,95.71769626,200.8260505
KTC023,Organic,154.3968734,21.45298964,5.971587414,101.8426963,206.9510505
KTC024,Organic,153.0468734,21.45298964,5.971587414,100.4926963,205.6010505
KTC025,Organic,174.2468734,21.45298964,5.971587415,121.6926963,226.8010505
KTC026,Organic,154.9968734,21.45298964,5.971587414,102.4426963,207.5510505
KTC027,Organic,136.4704468,24.1111503,9.524075734,82.38133304,190.5595606
KTC028,Organic,134.7635605,22.37423887,7.064513479,81.95467772,187.5724433
KTC029,Organic,136.6218734,21.45298964,5.971587415,84.06769626,189.1760505
KTC030,Organic,134.2468734,21.45298964,5.971587415,81.69269626,186.8010505
KTC031,Organic,157.1718734,21.45298964,5.971587415,104.6176963,209.7260505
KTC032,Organic,144.0718734,21.45298964,5.971587415,91.51769626,196.6260505
KTC050,Organic,131.2468734,21.45298964,5.971587415,78.69269626,183.8010505
NREC01,Organic,142.7765968,19.95848508,4.474709055,89.60614621,195.9470473
NREC02,Organic,149.7115968,19.95848508,4.474709055,96.54114621,202.8820473
NREC03,Organic,169.1803468,19.95848508,4.474709055,116.0098962,222.3507973
NREC04,Organic,140.7578468,19.95848508,4.474709055,87.58739621,193.9282973
NREC05,Organic,155.8568541,20.46317876,4.944397209,103.0761563,208.637552
NREC06,Organic,146.5390968,19.95848508,4.474709055,93.36864621,199.7095473
NREC07,Organic,135.1315968,19.95848508,4.474709055,81.96114621,188.3020473
NREC08,Organic,114.3968734,21.45298964,5.971587416,61.84269626,166.9510505
NREC09,Organic,145.4378468,19.95848508,4.474709055,92.26739621,198.6082973
NREC10,Organic,153.6490968,19.95848508,4.474709055,100.4786462,206.8195473
NREC11,Organic,149.6490968,19.95848508,4.474709055,96.47864621,202.8195473
NREC12,Organic,134.3478468,19.95848508,4.474709055,81.17739621,187.5182973
PH4211,Organic,167.945703,20.88267777,5.363263833,115.3404465,220.5509595
PH5141,Organic,148.715703,20.88267777,5.363263833,96.11044646,201.3209595
PH6878,Organic,177.2815197,20.18409767,4.680713935,124.313836,230.2492034
PHG39*SPT,Organic,152.9718734,21.45298964,5.971587415,100.4176963,205.5260505
PHW52*SPT,Organic,147.9968734,21.45298964,5.971587415,95.44269626,200.5510505
UIUC3X001,Organic,125.8718734,21.45298964,5.971587415,73.31769626,178.4260505
UIUC3X002,Organic,146.6468734,21.45298964,5.971587415,94.09269626,199.2010505
UIUC3X003,Organic,141.4718734,21.45298964,5.971587415,88.91769626,194.0260505
UIUC3X004,Organic,156.9718734,21.45298964,5.971587415,104.4176963,209.5260505
UIUC3X005,Organic,143.5718734,21.45298964,5.971587415,91.01769626,196.1260505
UIUC500,Organic,156.2096355,20.45853325,4.94524804,103.4436873,208.9755838
UIUC502,Organic,179.1890855,19.52334672,4.100338429,125.5027244,232.8754465
UIUC515,Organic,170.6114969,24.22921468,9.739663754,116.4292024,224.7937914
UIUC518,Organic,139.2781886,22.48963714,7.231943173,86.44245267,192.1139245
UIUC523,Organic,165.5129553,22.48963714,7.231943176,112.6772193,218.3486912
UIUC524,Organic,164.0483945,19.52334672,4.10033843,110.3620335,217.7347555
UIUC526,Organic,153.2919025,24.22772637,9.737191255,99.11101598,207.4727891
UIUC53,Organic,149.7968734,21.45298964,5.971587415,97.24269626,202.3510505
UIUC539,Organic,167.8922219,22.48963714,7.231943174,115.056486,220.7279578
VIKING51,Organic,169.2583895,18.52923238,3.327283463,113.4394548,225.0773242
VIKING72,Organic,181.0926603,18.98955444,3.667520063,126.4296339,235.7556866
